Date,^FTSE,^GSPC
2012-01-03,5699.899902,1277.060059
2012-01-04,5668.5,1277.300049
2012-01-05,5624.299805,1281.060059
2012-01-06,5649.700195,1277.810059
2012-01-09,5612.299805,1280.699951
2012-01-10,5696.700195,1292.079956
2012-01-11,5670.799805,1292.47998
2012-01-12,5662.399902,1295.5
2012-01-13,5636.600098,1289.089966
2012-01-17,5694,1293.670044
2012-01-18,5702.399902,1308.040039
2012-01-19,5741.200195,1314.5
2012-01-20,5728.600098,1315.380005
2012-01-23,5782.600098,1316
2012-01-24,5751.899902,1314.650024
2012-01-25,5723,1326.060059
2012-01-26,5795.200195,1318.430054
2012-01-27,5733.5,1316.329956
2012-01-30,5671.100098,1313.01001
2012-01-31,5681.600098,1312.410034
2012-02-01,5790.700195,1324.089966
2012-02-02,5796.100098,1325.540039
2012-02-03,5901.100098,1344.900024
2012-02-06,5892.200195,1344.329956
2012-02-07,5890.299805,1347.050049
2012-02-08,5875.899902,1349.959961
2012-02-09,5895.5,1351.949951
2012-02-10,5852.399902,1342.640015
2012-02-13,5905.700195,1351.77002
2012-02-14,5899.899902,1350.5
2012-02-15,5892.200195,1343.22998
2012-02-16,5885.399902,1358.040039
2012-02-17,5905.100098,1361.22998
2012-02-21,5928.200195,1362.209961
2012-02-22,5916.600098,1357.660034
2012-02-23,5937.899902,1363.459961
2012-02-24,5935.100098,1365.73999
2012-02-27,5915.600098,1367.589966
2012-02-28,5927.899902,1372.180054
2012-02-29,5871.5,1365.680054
2012-03-01,5931.299805,1374.089966
2012-03-02,5911.100098,1369.630005
2012-03-05,5874.799805,1364.329956
2012-03-06,5765.799805,1343.359985
2012-03-07,5791.399902,1352.630005
2012-03-08,5859.700195,1365.910034
2012-03-09,5887.5,1370.869995
2012-03-12,5892.799805,1371.089966
2012-03-13,5955.899902,1395.949951
2012-03-14,5945.399902,1394.280029
2012-03-15,5940.700195,1402.599976
2012-03-16,5965.600098,1404.170044
2012-03-19,5961.100098,1409.75
2012-03-20,5891.399902,1405.52002
2012-03-21,5892,1402.890015
2012-03-22,5845.700195,1392.780029
2012-03-23,5854.899902,1397.109985
2012-03-26,5902.700195,1416.51001
2012-03-27,5869.600098,1412.52002
2012-03-28,5809,1405.540039
2012-03-29,5742,1403.280029
2012-03-30,5768.5,1408.469971
2012-04-02,5874.899902,1419.040039
2012-04-03,5838.299805,1413.380005
2012-04-04,5703.799805,1398.959961
2012-04-05,5723.700195,1398.079956
2012-04-10,5595.600098,1358.589966
2012-04-11,5634.700195,1368.709961
2012-04-12,5710.5,1387.569946
2012-04-13,5651.799805,1370.26001
2012-04-16,5666.299805,1369.569946
2012-04-17,5767,1390.780029
2012-04-18,5745.299805,1385.140015
2012-04-19,5744.600098,1376.920044
2012-04-20,5772.200195,1378.530029
2012-04-23,5665.600098,1366.939941
2012-04-24,5709.5,1371.969971
2012-04-25,5718.899902,1390.689941
2012-04-26,5748.700195,1399.97998
2012-04-27,5777.100098,1403.359985
2012-04-30,5737.799805,1397.910034
2012-05-01,5812.200195,1405.819946
2012-05-02,5758.100098,1402.310059
2012-05-03,5766.600098,1391.569946
2012-05-04,5655.100098,1369.099976
2012-05-08,5554.600098,1363.719971
2012-05-09,5530.100098,1354.579956
2012-05-10,5544,1357.98999
2012-05-11,5575.5,1353.390015
2012-05-14,5465.5,1338.349976
2012-05-15,5437.600098,1330.660034
2012-05-16,5405.299805,1324.800049
2012-05-17,5338.399902,1304.859985
2012-05-18,5267.600098,1295.219971
2012-05-21,5304.5,1315.98999
2012-05-22,5403.299805,1316.630005
2012-05-23,5266.399902,1318.859985
2012-05-24,5350.100098,1320.680054
2012-05-25,5351.5,1317.819946
2012-05-29,5391.100098,1332.420044
2012-05-30,5297.299805,1313.319946
2012-05-31,5320.899902,1310.329956
2012-06-01,5260.200195,1278.040039
2012-06-06,5384.100098,1315.130005
2012-06-07,5447.799805,1314.98999
2012-06-08,5435.100098,1325.660034
2012-06-11,5432.399902,1308.930054
2012-06-12,5473.700195,1324.180054
2012-06-13,5483.799805,1314.880005
2012-06-14,5467.100098,1329.099976
2012-06-15,5478.799805,1342.839966
2012-06-18,5491.100098,1344.780029
2012-06-19,5586.299805,1357.97998
2012-06-20,5622.299805,1355.689941
2012-06-21,5566.399902,1325.51001
2012-06-22,5513.700195,1335.02002
2012-06-25,5450.700195,1313.719971
2012-06-26,5447,1319.98999
2012-06-27,5523.899902,1331.849976
2012-06-28,5493.100098,1329.040039
2012-06-29,5571.200195,1362.160034
2012-07-02,5640.600098,1365.51001
2012-07-03,5687.700195,1374.02002
2012-07-05,5692.600098,1367.579956
2012-07-06,5662.600098,1354.680054
2012-07-09,5627.299805,1352.459961
2012-07-10,5664.100098,1341.469971
2012-07-11,5664.5,1341.449951
2012-07-12,5608.299805,1334.76001
2012-07-13,5666.100098,1356.780029
2012-07-16,5662.399902,1353.640015
2012-07-17,5629.100098,1363.670044
2012-07-18,5685.799805,1372.780029
2012-07-19,5714.200195,1376.51001
2012-07-20,5651.799805,1362.660034
2012-07-23,5533.899902,1350.52002
2012-07-24,5499.200195,1338.310059
2012-07-25,5498.299805,1337.890015
2012-07-26,5573.200195,1360.02002
2012-07-27,5627.200195,1385.969971
2012-07-30,5693.600098,1385.300049
2012-07-31,5635.299805,1379.319946
2012-08-01,5712.799805,1375.319946
2012-08-02,5662.299805,1365
2012-08-03,5787.299805,1390.98999
2012-08-06,5808.799805,1394.22998
2012-08-07,5841.200195,1401.349976
2012-08-08,5845.899902,1402.219971
2012-08-09,5851.5,1402.800049
2012-08-10,5847.100098,1405.869995
2012-08-13,5831.899902,1404.109985
2012-08-14,5864.799805,1403.930054
2012-08-15,5833,1405.530029
2012-08-16,5834.5,1415.51001
2012-08-17,5852.399902,1418.160034
2012-08-20,5824.399902,1418.130005
2012-08-21,5857.5,1413.170044
2012-08-22,5774.200195,1413.48999
2012-08-23,5776.600098,1402.079956
2012-08-24,5776.600098,1411.130005
2012-08-28,5775.700195,1409.300049
2012-08-29,5743.5,1410.48999
2012-08-30,5719.5,1399.47998
2012-08-31,5711.5,1406.579956
2012-09-04,5672,1404.939941
2012-09-05,5657.899902,1403.439941
2012-09-06,5777.299805,1432.119995
2012-09-07,5794.799805,1437.920044
2012-09-10,5793.200195,1429.079956
2012-09-11,5792.200195,1433.560059
2012-09-12,5782.100098,1436.560059
2012-09-13,5819.899902,1459.98999
2012-09-14,5915.600098,1465.77002
2012-09-17,5893.5,1461.189941
2012-09-18,5868.200195,1459.319946
2012-09-19,5888.5,1461.050049
2012-09-20,5854.600098,1460.26001
2012-09-21,5852.600098,1460.150024
2012-09-24,5838.799805,1456.890015
2012-09-25,5859.700195,1441.589966
2012-09-26,5768.100098,1433.319946
2012-09-27,5779.399902,1447.150024
2012-09-28,5742.100098,1440.670044
2012-10-01,5820.5,1444.48999
2012-10-02,5809.5,1445.75
2012-10-03,5825.799805,1450.98999
2012-10-04,5827.799805,1461.400024
2012-10-05,5871,1460.930054
2012-10-08,5841.700195,1455.880005
2012-10-09,5810.299805,1441.47998
2012-10-10,5776.700195,1432.560059
2012-10-11,5829.799805,1432.839966
2012-10-12,5793.299805,1428.589966
2012-10-15,5805.600098,1440.130005
2012-10-16,5870.5,1454.920044
2012-10-17,5910.899902,1460.910034
2012-10-18,5917.100098,1457.339966
2012-10-19,5896.200195,1433.189941
2012-10-22,5882.899902,1433.819946
2012-10-23,5797.899902,1413.109985
2012-10-24,5804.799805,1408.75
2012-10-25,5805.100098,1412.969971
2012-10-26,5806.700195,1411.939941
2012-10-31,5782.700195,1412.160034
2012-11-01,5861.899902,1427.589966
2012-11-02,5868.600098,1414.199951
2012-11-05,5839.100098,1417.26001
2012-11-06,5884.899902,1428.390015
2012-11-07,5791.600098,1394.530029
2012-11-08,5776.100098,1377.51001
2012-11-09,5769.700195,1379.849976
2012-11-12,5767.299805,1380.030029
2012-11-13,5786.299805,1374.530029
2012-11-14,5722,1355.48999
2012-11-15,5677.799805,1353.329956
2012-11-16,5605.600098,1359.880005
2012-11-19,5737.700195,1386.890015
2012-11-20,5748.100098,1387.810059
2012-11-21,5752,1391.030029
2012-11-23,5819.100098,1409.150024
2012-11-26,5786.700195,1406.290039
2012-11-27,5799.700195,1398.939941
2012-11-28,5803.299805,1409.930054
2012-11-29,5870.299805,1415.949951
2012-11-30,5866.799805,1416.180054
2012-12-03,5871.200195,1409.459961
2012-12-04,5869,1407.050049
2012-12-05,5892.100098,1409.280029
2012-12-06,5901.399902,1413.939941
2012-12-07,5914.399902,1418.069946
2012-12-10,5921.600098,1418.550049
2012-12-11,5925,1427.839966
2012-12-12,5945.899902,1428.47998
2012-12-13,5929.600098,1419.449951
2012-12-14,5921.799805,1413.579956
2012-12-17,5912.200195,1430.359985
2012-12-18,5935.899902,1446.790039
2012-12-19,5961.600098,1435.810059
2012-12-20,5958.299805,1443.689941
2012-12-21,5940,1430.150024
2012-12-24,5954.200195,1426.660034
2012-12-27,5954.299805,1418.099976
2012-12-28,5925.399902,1402.430054
2012-12-31,5897.799805,1426.189941
2013-01-02,6027.399902,1462.420044
2013-01-03,6047.299805,1459.369995
2013-01-04,6089.799805,1466.469971
2013-01-07,6064.600098,1461.890015
2013-01-08,6053.600098,1457.150024
2013-01-09,6098.700195,1461.02002
2013-01-10,6101.5,1472.119995
2013-01-11,6121.600098,1472.050049
2013-01-14,6107.899902,1470.680054
2013-01-15,6117.299805,1472.339966
2013-01-16,6104,1472.630005
2013-01-17,6132.399902,1480.939941
2013-01-18,6154.399902,1485.97998
2013-01-22,6179.200195,1492.560059
2013-01-23,6197.600098,1494.810059
2013-01-24,6264.899902,1494.819946
2013-01-25,6284.5,1502.959961
2013-01-28,6294.399902,1500.180054
2013-01-29,6339.200195,1507.839966
2013-01-30,6323.100098,1501.959961
2013-01-31,6276.899902,1498.109985
2013-02-01,6347.200195,1513.170044
2013-02-04,6246.799805,1495.709961
2013-02-05,6282.799805,1511.290039
2013-02-06,6295.299805,1512.119995
2013-02-07,6228.399902,1509.390015
2013-02-08,6263.899902,1517.930054
2013-02-11,6277.100098,1517.01001
2013-02-12,6338.399902,1519.430054
2013-02-13,6359.100098,1520.329956
2013-02-14,6327.399902,1521.380005
2013-02-15,6328.299805,1519.790039
2013-02-19,6379.100098,1530.939941
2013-02-20,6395.399902,1511.949951
2013-02-21,6291.5,1502.420044
2013-02-22,6335.700195,1515.599976
2013-02-25,6355.399902,1487.849976
2013-02-26,6270.399902,1496.939941
2013-02-27,6325.899902,1515.98999
2013-02-28,6360.799805,1514.680054
2013-03-01,6378.600098,1518.199951
2013-03-04,6345.600098,1525.199951
2013-03-05,6432,1539.790039
2013-03-06,6427.600098,1541.459961
2013-03-07,6439.200195,1544.26001
2013-03-08,6483.600098,1551.180054
2013-03-11,6503.600098,1556.219971
2013-03-12,6510.600098,1552.47998
2013-03-13,6481.5,1554.52002
2013-03-14,6529.399902,1563.22998
2013-03-15,6489.700195,1560.699951
2013-03-18,6457.899902,1552.099976
2013-03-19,6441.299805,1548.339966
2013-03-20,6432.700195,1558.709961
2013-03-21,6388.600098,1545.800049
2013-03-22,6392.799805,1556.890015
2013-03-25,6378.399902,1551.689941
2013-03-26,6399.399902,1563.77002
2013-03-27,6387.600098,1562.849976
2013-03-28,6411.700195,1569.189941
2013-04-02,6490.700195,1570.25
2013-04-03,6420.299805,1553.689941
2013-04-04,6344.100098,1559.97998
2013-04-05,6249.799805,1553.280029
2013-04-08,6276.899902,1563.069946
2013-04-09,6313.200195,1568.609985
2013-04-10,6387.399902,1587.72998
2013-04-11,6416.100098,1593.369995
2013-04-12,6384.399902,1588.849976
2013-04-15,6343.600098,1552.359985
2013-04-16,6304.600098,1574.569946
2013-04-17,6244.200195,1552.01001
2013-04-18,6243.700195,1541.609985
2013-04-19,6286.600098,1555.25
2013-04-22,6280.600098,1562.5
2013-04-23,6406.100098,1578.780029
2013-04-24,6431.799805,1578.790039
2013-04-25,6442.600098,1585.160034
2013-04-26,6426.399902,1582.23999
2013-04-29,6458,1593.609985
2013-04-30,6430.100098,1597.569946
2013-05-01,6451.299805,1582.699951
2013-05-02,6460.700195,1597.589966
2013-05-03,6521.5,1614.420044
2013-05-07,6557.299805,1625.959961
2013-05-08,6583.5,1632.689941
2013-05-09,6592.700195,1626.670044
2013-05-10,6625,1633.699951
2013-05-13,6631.799805,1633.77002
2013-05-14,6686.100098,1650.339966
2013-05-15,6693.600098,1658.780029
2013-05-16,6687.799805,1650.469971
2013-05-17,6723.100098,1667.469971
2013-05-20,6755.600098,1666.290039
2013-05-21,6803.899902,1669.160034
2013-05-22,6840.299805,1655.349976
2013-05-23,6696.799805,1650.51001
2013-05-24,6654.299805,1649.599976
2013-05-28,6762,1660.060059
2013-05-29,6627.200195,1648.359985
2013-05-30,6657,1654.410034
2013-05-31,6583.100098,1630.73999
2013-06-03,6525.100098,1640.420044
2013-06-04,6558.600098,1631.380005
2013-06-05,6419.299805,1608.900024
2013-06-06,6336.100098,1622.560059
2013-06-07,6412,1643.380005
2013-06-10,6400.5,1642.810059
2013-06-11,6340.100098,1626.130005
2013-06-12,6299.5,1612.52002
2013-06-13,6304.600098,1636.359985
2013-06-14,6308.299805,1626.72998
2013-06-17,6330.5,1639.040039
2013-06-18,6374.200195,1651.810059
2013-06-19,6348.799805,1628.930054
2013-06-20,6159.5,1588.189941
2013-06-21,6116.200195,1592.430054
2013-06-24,6029.100098,1573.089966
2013-06-25,6101.899902,1588.030029
2013-06-26,6165.5,1603.26001
2013-06-27,6243.399902,1613.199951
2013-06-28,6215.5,1606.280029
2013-07-01,6307.799805,1614.959961
2013-07-02,6303.899902,1614.079956
2013-07-03,6229.899902,1615.410034
2013-07-05,6375.5,1631.890015
2013-07-08,6450.100098,1640.459961
2013-07-09,6513.100098,1652.319946
2013-07-10,6505,1652.619995
2013-07-11,6543.399902,1675.02002
2013-07-12,6544.899902,1680.189941
2013-07-15,6586.100098,1682.5
2013-07-16,6556.399902,1676.26001
2013-07-17,6571.899902,1680.910034
2013-07-18,6634.399902,1689.369995
2013-07-19,6630.700195,1692.089966
2013-07-22,6623.200195,1695.530029
2013-07-23,6597.399902,1692.390015
2013-07-24,6620.399902,1685.939941
2013-07-25,6588,1690.25
2013-07-26,6554.799805,1691.650024
2013-07-29,6560.299805,1685.329956
2013-07-30,6571,1685.959961
2013-07-31,6621.100098,1685.72998
2013-08-01,6682,1706.869995
2013-08-02,6647.899902,1709.670044
2013-08-05,6619.600098,1707.140015
2013-08-06,6604.200195,1697.369995
2013-08-07,6511.200195,1690.910034
2013-08-08,6529.700195,1697.47998
2013-08-09,6583.399902,1691.420044
2013-08-12,6574.299805,1689.469971
2013-08-13,6611.899902,1694.160034
2013-08-14,6587.399902,1685.390015
2013-08-15,6483.299805,1661.319946
2013-08-16,6500,1655.829956
2013-08-19,6465.700195,1646.060059
2013-08-20,6453.5,1652.349976
2013-08-21,6390.799805,1642.800049
2013-08-22,6446.899902,1656.959961
2013-08-23,6492.100098,1663.5
2013-08-27,6441,1630.47998
2013-08-28,6430.100098,1634.959961
2013-08-29,6483.100098,1638.170044
2013-08-30,6412.899902,1632.969971
2013-09-03,6468.399902,1639.77002
2013-09-04,6474.700195,1653.079956
2013-09-05,6532.399902,1655.079956
2013-09-06,6547.299805,1655.170044
2013-09-09,6530.700195,1671.709961
2013-09-10,6584,1683.98999
2013-09-11,6588.399902,1689.130005
2013-09-12,6589,1683.420044
2013-09-13,6583.799805,1687.98999
2013-09-16,6622.899902,1697.599976
2013-09-17,6570.200195,1704.76001
2013-09-18,6558.799805,1725.52002
2013-09-19,6625.399902,1722.339966
2013-09-20,6596.399902,1709.910034
2013-09-23,6557.399902,1701.839966
2013-09-24,6571.5,1697.420044
2013-09-25,6551.5,1692.77002
2013-09-26,6565.600098,1698.670044
2013-09-27,6512.700195,1691.75
2013-09-30,6462.200195,1681.550049
2013-10-01,6460,1695
2013-10-02,6437.5,1693.869995
2013-10-03,6449,1678.660034
2013-10-04,6453.899902,1690.5
2013-10-07,6437.299805,1676.119995
2013-10-08,6365.799805,1655.449951
2013-10-09,6337.899902,1656.400024
2013-10-10,6430.5,1692.560059
2013-10-11,6487.200195,1703.199951
2013-10-14,6507.700195,1710.140015
2013-10-15,6549.100098,1698.060059
2013-10-16,6571.600098,1721.540039
2013-10-17,6576.200195,1733.150024
2013-10-18,6622.600098,1744.5
2013-10-21,6654.200195,1744.660034
2013-10-22,6695.700195,1754.670044
2013-10-23,6674.5,1746.380005
2013-10-24,6713.200195,1752.069946
2013-10-25,6721.299805,1759.77002
2013-10-28,6725.799805,1762.109985
2013-10-29,6774.700195,1771.949951
2013-10-30,6777.700195,1763.310059
2013-10-31,6731.399902,1756.540039
2013-11-01,6734.700195,1761.640015
2013-11-04,6763.600098,1767.930054
2013-11-05,6746.799805,1762.969971
2013-11-06,6741.700195,1770.48999
2013-11-07,6697.200195,1747.150024
2013-11-08,6708.399902,1770.609985
2013-11-11,6728.399902,1771.890015
2013-11-12,6726.799805,1767.689941
2013-11-13,6630,1782
2013-11-14,6666.100098,1790.619995
2013-11-15,6693.399902,1798.180054
2013-11-18,6723.5,1791.530029
2013-11-19,6698,1787.869995
2013-11-20,6681.100098,1781.369995
2013-11-21,6681.299805,1795.849976
2013-11-22,6674.299805,1804.76001
2013-11-25,6694.600098,1802.47998
2013-11-26,6636.200195,1802.75
2013-11-27,6649.5,1807.22998
2013-11-29,6650.600098,1805.810059
2013-12-02,6595.299805,1800.900024
2013-12-03,6532.399902,1795.150024
2013-12-04,6510,1792.810059
2013-12-05,6498.299805,1785.030029
2013-12-06,6552,1805.089966
2013-12-09,6559.5,1808.369995
2013-12-10,6523.299805,1802.619995
2013-12-11,6507.700195,1782.219971
2013-12-12,6445.299805,1775.5
2013-12-13,6440,1775.319946
2013-12-16,6522.200195,1786.540039
2013-12-17,6486.200195,1781
2013-12-18,6492.100098,1810.650024
2013-12-19,6584.700195,1809.599976
2013-12-20,6606.600098,1818.319946
2013-12-23,6678.600098,1827.98999
2013-12-24,6694.200195,1833.319946
2013-12-27,6750.899902,1841.400024
2013-12-30,6731.299805,1841.069946
2013-12-31,6749.100098,1848.359985
2014-01-02,6717.899902,1831.97998
2014-01-03,6730.700195,1831.369995
2014-01-06,6730.700195,1826.77002
2014-01-07,6755.5,1837.880005
2014-01-08,6721.799805,1837.48999
2014-01-09,6691.299805,1838.130005
2014-01-10,6739.899902,1842.369995
2014-01-13,6757.200195,1819.199951
2014-01-14,6766.899902,1838.880005
2014-01-15,6819.899902,1848.380005
2014-01-16,6815.399902,1845.890015
2014-01-17,6829.299805,1838.699951
2014-01-21,6834.299805,1843.800049
2014-01-22,6826.299805,1844.859985
2014-01-23,6773.299805,1828.459961
2014-01-24,6663.700195,1790.290039
2014-01-27,6550.700195,1781.560059
2014-01-28,6572.299805,1792.5
2014-01-29,6544.299805,1774.199951
2014-01-30,6538.5,1794.189941
2014-01-31,6510.399902,1782.589966
2014-02-03,6465.700195,1741.890015
2014-02-04,6449.299805,1755.199951
2014-02-05,6457.899902,1751.640015
2014-02-06,6558.299805,1773.430054
2014-02-07,6571.700195,1797.02002
2014-02-10,6591.600098,1799.839966
2014-02-11,6672.700195,1819.75
2014-02-12,6675,1819.26001
2014-02-13,6659.399902,1829.829956
2014-02-14,6663.600098,1838.630005
2014-02-18,6796.399902,1840.76001
2014-02-19,6796.700195,1828.75
2014-02-20,6813,1839.780029
2014-02-21,6838.100098,1836.25
2014-02-24,6865.899902,1847.609985
2014-02-25,6830.5,1845.119995
2014-02-26,6799.200195,1845.160034
2014-02-27,6810.299805,1854.290039
2014-02-28,6809.700195,1859.449951
2014-03-03,6708.399902,1845.72998
2014-03-04,6823.799805,1873.910034
2014-03-05,6775.399902,1873.810059
2014-03-06,6788.5,1877.030029
2014-03-07,6712.700195,1878.040039
2014-03-10,6689.5,1877.170044
2014-03-11,6685.5,1867.630005
2014-03-12,6620.899902,1868.199951
2014-03-13,6553.799805,1846.339966
2014-03-14,6527.899902,1841.130005
2014-03-17,6568.399902,1858.829956
2014-03-18,6605.299805,1872.25
2014-03-19,6573.100098,1860.77002
2014-03-20,6542.399902,1872.01001
2014-03-21,6557.200195,1866.52002
2014-03-24,6520.399902,1857.439941
2014-03-25,6604.899902,1865.619995
2014-03-26,6605.299805,1852.560059
2014-03-27,6588.299805,1849.040039
2014-03-28,6615.600098,1857.619995
2014-03-31,6598.399902,1872.339966
2014-04-01,6652.600098,1885.52002
2014-04-02,6659,1890.900024
2014-04-03,6649.100098,1888.77002
2014-04-04,6695.600098,1865.089966
2014-04-07,6622.799805,1845.040039
2014-04-08,6590.700195,1851.959961
2014-04-09,6635.600098,1872.180054
2014-04-10,6642,1833.079956
2014-04-11,6561.700195,1815.689941
2014-04-14,6583.799805,1830.609985
2014-04-15,6541.600098,1842.97998
2014-04-16,6584.200195,1862.310059
2014-04-17,6625.299805,1864.849976
2014-04-22,6681.799805,1879.550049
2014-04-23,6674.700195,1875.390015
2014-04-24,6703,1878.609985
2014-04-25,6685.700195,1863.400024
2014-04-28,6700.200195,1869.430054
2014-04-29,6769.899902,1878.329956
2014-04-30,6780,1883.949951
2014-05-01,6808.899902,1883.680054
2014-05-02,6822.399902,1881.140015
2014-05-06,6798.600098,1867.719971
2014-05-07,6796.399902,1878.209961
2014-05-08,6839.299805,1875.630005
2014-05-09,6814.600098,1878.47998
2014-05-12,6851.799805,1896.650024
2014-05-13,6873.100098,1897.449951
2014-05-14,6878.5,1888.530029
2014-05-15,6840.899902,1870.849976
2014-05-16,6855.799805,1877.859985
2014-05-19,6844.600098,1885.079956
2014-05-20,6802,1872.829956
2014-05-21,6821,1888.030029
2014-05-22,6820.600098,1892.48999
2014-05-23,6815.799805,1900.530029
2014-05-27,6844.899902,1911.910034
2014-05-28,6851.200195,1909.780029
2014-05-29,6871.299805,1920.030029
2014-05-30,6844.5,1923.569946
2014-06-02,6864.100098,1924.969971
2014-06-03,6836.299805,1924.23999
2014-06-04,6818.600098,1927.880005
2014-06-05,6813.5,1940.459961
2014-06-06,6858.200195,1949.439941
2014-06-09,6875,1951.27002
2014-06-10,6873.600098,1950.790039
2014-06-11,6838.899902,1943.890015
2014-06-12,6843.100098,1930.109985
2014-06-13,6777.899902,1936.160034
2014-06-16,6754.600098,1937.780029
2014-06-17,6766.799805,1941.98999
2014-06-18,6778.600098,1956.97998
2014-06-19,6808.100098,1959.47998
2014-06-20,6825.200195,1962.869995
2014-06-23,6800.600098,1962.609985
2014-06-24,6787.100098,1949.97998
2014-06-25,6733.600098,1959.530029
2014-06-26,6735.100098,1957.219971
2014-06-27,6757.799805,1960.959961
2014-06-30,6743.899902,1960.22998
2014-07-01,6802.899902,1973.319946
2014-07-02,6816.399902,1974.619995
2014-07-03,6865.200195,1985.439941
2014-07-07,6823.5,1977.650024
2014-07-08,6738.5,1963.709961
2014-07-09,6718,1972.829956
2014-07-10,6672.399902,1964.680054
2014-07-11,6690.200195,1967.569946
2014-07-14,6746.100098,1977.099976
2014-07-15,6710.5,1973.280029
2014-07-16,6784.700195,1981.569946
2014-07-17,6738.299805,1958.119995
2014-07-18,6749.5,1978.219971
2014-07-21,6728.399902,1973.630005
2014-07-22,6795.299805,1983.530029
2014-07-23,6798.200195,1987.01001
2014-07-24,6821.5,1987.97998
2014-07-25,6791.600098,1978.339966
2014-07-28,6788.100098,1978.910034
2014-07-29,6807.799805,1969.949951
2014-07-30,6773.399902,1970.069946
2014-07-31,6730.100098,1930.670044
2014-08-01,6679.200195,1925.150024
2014-08-04,6677.5,1938.98999
2014-08-05,6682.5,1920.209961
2014-08-06,6636.200195,1920.23999
2014-08-07,6597.399902,1909.569946
2014-08-08,6567.399902,1931.589966
2014-08-11,6632.799805,1936.920044
2014-08-12,6632.399902,1933.75
2014-08-13,6656.700195,1946.719971
2014-08-14,6685.299805,1955.180054
2014-08-15,6689.100098,1955.060059
2014-08-18,6741.299805,1971.73999
2014-08-19,6779.299805,1981.599976
2014-08-20,6755.5,1986.51001
2014-08-21,6777.700195,1992.369995
2014-08-22,6775.299805,1988.400024
2014-08-26,6822.799805,2000.02002
2014-08-27,6830.700195,2000.119995
2014-08-28,6805.799805,1996.73999
2014-08-29,6819.799805,2003.369995
2014-09-02,6829.200195,2002.280029
2014-09-03,6873.600098,2000.719971
2014-09-04,6878,1997.650024
2014-09-05,6855.100098,2007.709961
2014-09-08,6834.799805,2001.540039
2014-09-09,6829,1988.439941
2014-09-10,6830.100098,1995.689941
2014-09-11,6799.600098,1997.449951
2014-09-12,6807,1985.540039
2014-09-15,6804.200195,1984.130005
2014-09-16,6792.200195,1998.97998
2014-09-17,6780.899902,2001.569946
2014-09-18,6819.299805,2011.359985
2014-09-19,6837.899902,2010.400024
2014-09-22,6773.600098,1994.290039
2014-09-23,6676.100098,1982.77002
2014-09-24,6706.299805,1998.300049
2014-09-25,6639.700195,1965.98999
2014-09-26,6649.399902,1982.849976
2014-09-29,6646.600098,1977.800049
2014-09-30,6622.700195,1972.290039
2014-10-01,6557.5,1946.160034
2014-10-02,6446.399902,1946.170044
2014-10-03,6527.899902,1967.900024
2014-10-06,6563.700195,1964.819946
2014-10-07,6495.600098,1935.099976
2014-10-08,6482.200195,1968.890015
2014-10-09,6431.899902,1928.209961
2014-10-10,6340,1906.130005
2014-10-13,6366.200195,1874.73999
2014-10-14,6392.700195,1877.699951
2014-10-15,6211.600098,1862.48999
2014-10-16,6195.899902,1862.76001
2014-10-17,6310.299805,1886.76001
2014-10-20,6267.100098,1904.01001
2014-10-21,6372.299805,1941.280029
2014-10-22,6399.700195,1927.109985
2014-10-23,6419.200195,1950.819946
2014-10-24,6388.700195,1964.579956
2014-10-27,6363.5,1961.630005
2014-10-28,6402.200195,1985.050049
2014-10-29,6453.899902,1982.300049
2014-10-30,6463.600098,1994.650024
2014-10-31,6546.5,2018.050049
2014-11-03,6488,2017.810059
2014-11-04,6454,2012.099976
2014-11-05,6539.100098,2023.569946
2014-11-06,6551.200195,2031.209961
2014-11-07,6567.200195,2031.920044
2014-11-10,6611.299805,2038.26001
2014-11-11,6627.399902,2039.680054
2014-11-12,6611,2038.25
2014-11-13,6635.5,2039.329956
2014-11-14,6654.399902,2039.819946
2014-11-17,6672,2041.319946
2014-11-18,6709.100098,2051.800049
2014-11-19,6696.600098,2048.719971
2014-11-20,6678.899902,2052.75
2014-11-21,6750.799805,2063.5
2014-11-24,6729.799805,2069.409912
2014-11-25,6731.100098,2067.030029
2014-11-26,6729.200195,2072.830078
2014-11-28,6722.600098,2067.560059
2014-12-01,6656.399902,2053.439941
2014-12-02,6742.100098,2066.550049
2014-12-03,6716.600098,2074.330078
2014-12-04,6679.399902,2071.919922
2014-12-05,6742.799805,2075.370117
2014-12-08,6672.200195,2060.310059
2014-12-09,6529.5,2059.820068
2014-12-10,6500,2026.140015
2014-12-11,6461.700195,2035.329956
2014-12-12,6300.600098,2002.329956
2014-12-15,6182.700195,1989.630005
2014-12-16,6331.799805,1972.73999
2014-12-17,6336.5,2012.890015
2014-12-18,6466,2061.22998
2014-12-19,6545.299805,2070.649902
2014-12-22,6576.700195,2078.540039
2014-12-23,6598.200195,2082.169922
2014-12-24,6609.899902,2081.879883
2014-12-29,6633.5,2090.570068
2014-12-30,6547,2080.350098
2014-12-31,6566.100098,2058.899902
2015-01-02,6547.799805,2058.199951
2015-01-05,6417.200195,2020.579956
2015-01-06,6366.5,2002.609985
2015-01-07,6419.799805,2025.900024
2015-01-08,6570,2062.139893
2015-01-09,6501.100098,2044.810059
2015-01-12,6501.399902,2028.26001
2015-01-13,6542.200195,2023.030029
2015-01-14,6388.5,2011.27002
2015-01-15,6498.799805,1992.670044
2015-01-16,6550.299805,2019.420044
2015-01-20,6620.100098,2022.550049
2015-01-21,6728,2032.119995
2015-01-22,6796.600098,2063.149902
2015-01-23,6832.799805,2051.820068
2015-01-26,6852.399902,2057.090088
2015-01-27,6811.600098,2029.550049
2015-01-28,6825.899902,2002.160034
2015-01-29,6810.600098,2021.25
2015-01-30,6749.399902,1994.98999
2015-02-02,6782.600098,2020.849976
2015-02-03,6871.799805,2050.030029
2015-02-04,6860,2041.51001
2015-02-05,6865.899902,2062.52002
2015-02-06,6853.399902,2055.469971
2015-02-09,6837.200195,2046.73999
2015-02-10,6829.100098,2068.590088
2015-02-11,6818.200195,2068.530029
2015-02-12,6828.100098,2088.47998
2015-02-13,6873.5,2096.98999
2015-02-17,6898.100098,2100.340088
2015-02-18,6898.100098,2099.679932
2015-02-19,6888.899902,2097.449951
2015-02-20,6915.200195,2110.300049
2015-02-23,6912.200195,2109.659912
2015-02-24,6949.600098,2115.47998
2015-02-25,6935.399902,2113.860107
2015-02-26,6949.700195,2110.73999
2015-02-27,6946.700195,2104.5
2015-03-02,6940.600098,2117.389893
2015-03-03,6889.100098,2107.780029
2015-03-04,6919.200195,2098.530029
2015-03-05,6961.100098,2101.040039
2015-03-06,6911.799805,2071.26001
2015-03-09,6876.5,2079.429932
2015-03-10,6702.799805,2044.160034
2015-03-11,6721.5,2040.23999
2015-03-12,6761.100098,2065.949951
2015-03-13,6740.600098,2053.399902
2015-03-16,6804.100098,2081.189941
2015-03-17,6837.600098,2074.280029
2015-03-18,6945.200195,2099.5
2015-03-19,6962.299805,2089.27002
2015-03-20,7022.5,2108.100098
2015-03-23,7037.700195,2104.419922
2015-03-24,7019.700195,2091.5
2015-03-25,6991,2061.050049
2015-03-26,6895.299805,2056.149902
2015-03-27,6855,2061.02002
2015-03-30,6891.399902,2086.23999
2015-03-31,6773,2067.889893
2015-04-01,6809.5,2059.689941
2015-04-02,6833.5,2066.959961
2015-04-07,6961.799805,2076.330078
2015-04-08,6937.399902,2081.899902
2015-04-09,7015.399902,2091.179932
2015-04-10,7089.799805,2102.060059
2015-04-13,7064.299805,2092.429932
2015-04-14,7075.299805,2095.840088
2015-04-15,7096.799805,2106.629883
2015-04-16,7060.5,2104.98999
2015-04-17,6994.600098,2081.179932
2015-04-20,7052.100098,2100.399902
2015-04-21,7062.899902,2097.290039
2015-04-22,7028.200195,2107.959961
2015-04-23,7053.700195,2112.929932
2015-04-24,7070.700195,2117.689941
2015-04-27,7104,2108.919922
2015-04-28,7030.5,2114.76001
2015-04-29,6946.299805,2106.850098
2015-04-30,6960.600098,2085.51001
2015-05-01,6986,2108.290039
2015-05-05,6927.600098,2089.459961
2015-05-06,6933.700195,2080.149902
2015-05-07,6887,2088
2015-05-08,7046.799805,2116.100098
2015-05-11,7029.899902,2105.330078
2015-05-12,6933.799805,2099.120117
2015-05-13,6949.600098,2098.47998
2015-05-14,6973,2121.100098
2015-05-15,6960.5,2122.72998
2015-05-18,6968.899902,2129.199951
2015-05-19,6995.100098,2127.830078
2015-05-20,7007.299805,2125.850098
2015-05-21,7013.5,2130.820068
2015-05-22,7031.700195,2126.060059
2015-05-26,6949,2104.199951
2015-05-27,7033.299805,2123.47998
2015-05-28,7040.899902,2120.790039
2015-05-29,6984.399902,2107.389893
2015-06-01,6953.600098,2111.72998
2015-06-02,6928.299805,2109.600098
2015-06-03,6950.5,2114.070068
2015-06-04,6859.200195,2095.840088
2015-06-05,6804.600098,2092.830078
2015-06-08,6790,2079.280029
2015-06-09,6753.799805,2080.149902
2015-06-10,6830.299805,2105.199951
2015-06-11,6846.700195,2108.860107
2015-06-12,6784.899902,2094.110107
2015-06-15,6710.5,2084.429932
2015-06-16,6710.100098,2096.290039
2015-06-17,6680.600098,2100.439941
2015-06-18,6707.899902,2121.23999
2015-06-19,6710.5,2109.98999
2015-06-22,6825.700195,2122.850098
2015-06-23,6834.899902,2124.199951
2015-06-24,6844.799805,2108.580078
2015-06-25,6807.799805,2102.310059
2015-06-26,6753.700195,2101.48999
2015-06-29,6620.5,2057.639893
2015-06-30,6521,2063.110107
2015-07-01,6608.600098,2077.419922
2015-07-02,6630.5,2076.780029
2015-07-06,6535.700195,2068.76001
2015-07-07,6432.200195,2081.340088
2015-07-08,6490.700195,2046.680054
2015-07-09,6581.600098,2051.310059
2015-07-10,6673.399902,2076.620117
2015-07-13,6738,2099.600098
2015-07-14,6753.799805,2108.949951
2015-07-15,6753.799805,2107.399902
2015-07-16,6796.5,2124.290039
2015-07-17,6775.100098,2126.639893
2015-07-20,6788.700195,2128.280029
2015-07-21,6769.100098,2119.209961
2015-07-22,6667.299805,2114.149902
2015-07-23,6655,2102.149902
2015-07-24,6579.799805,2079.649902
2015-07-27,6505.100098,2067.639893
2015-07-28,6555.299805,2093.25
2015-07-29,6631,2108.570068
2015-07-30,6668.899902,2108.629883
2015-07-31,6696.299805,2103.840088
2015-08-03,6688.600098,2098.040039
2015-08-04,6686.600098,2093.320068
2015-08-05,6752.399902,2099.840088
2015-08-06,6747.100098,2083.560059
2015-08-07,6718.5,2077.570068
2015-08-10,6736.200195,2104.179932
2015-08-11,6664.5,2084.070068
2015-08-12,6571.200195,2086.050049
2015-08-13,6568.299805,2083.389893
2015-08-14,6550.700195,2091.540039
2015-08-17,6550.299805,2102.439941
2015-08-18,6526.299805,2096.919922
2015-08-19,6403.5,2079.610107
2015-08-20,6367.899902,2035.72998
2015-08-21,6187.700195,1970.890015
2015-08-24,5898.899902,1893.209961
2015-08-25,6081.299805,1867.609985
2015-08-26,5979.200195,1940.51001
2015-08-27,6192,1987.660034
2015-08-28,6247.899902,1988.869995
2015-09-01,6058.5,1913.849976
2015-09-02,6083.299805,1948.859985
2015-09-03,6194.100098,1951.130005
2015-09-04,6042.899902,1921.219971
2015-09-08,6146.100098,1969.410034
2015-09-09,6229,1942.040039
2015-09-10,6155.799805,1952.290039
2015-09-11,6117.799805,1961.050049
2015-09-14,6084.600098,1953.030029
2015-09-15,6137.600098,1978.089966
2015-09-16,6229.200195,1995.310059
2015-09-17,6187,1990.199951
2015-09-18,6104.100098,1958.030029
2015-09-21,6108.700195,1966.969971
2015-09-22,5935.799805,1942.73999
2015-09-23,6032.200195,1938.76001
2015-09-24,5961.5,1932.23999
2015-09-25,6109,1931.339966
2015-09-28,5958.899902,1881.77002
2015-09-29,5909.200195,1884.089966
2015-09-30,6061.600098,1920.030029
2015-10-01,6072.5,1923.819946
2015-10-02,6130,1951.359985
2015-10-05,6298.899902,1987.050049
2015-10-06,6326.200195,1979.920044
2015-10-07,6336.399902,1995.829956
2015-10-08,6374.799805,2013.430054
2015-10-09,6416.200195,2014.890015
2015-10-12,6371.200195,2017.459961
2015-10-13,6342.299805,2003.689941
2015-10-14,6269.600098,1994.23999
2015-10-15,6338.700195,2023.859985
2015-10-16,6378,2033.109985
2015-10-19,6352.299805,2033.660034
2015-10-20,6345.100098,2030.77002
2015-10-21,6348.399902,2018.939941
2015-10-22,6376.299805,2052.51001
2015-10-23,6444.100098,2075.149902
2015-10-26,6417,2071.179932
2015-10-27,6365.299805,2065.889893
2015-10-28,6437.799805,2090.350098
2015-10-29,6395.799805,2089.409912
2015-10-30,6361.100098,2079.360107
2015-11-02,6361.799805,2104.050049
2015-11-03,6383.600098,2109.790039
2015-11-04,6412.899902,2102.310059
2015-11-05,6364.899902,2099.929932
2015-11-06,6353.799805,2099.199951
2015-11-09,6295.200195,2078.580078
2015-11-10,6275.299805,2081.719971
2015-11-11,6297.200195,2075
2015-11-12,6178.700195,2045.969971
2015-11-13,6118.299805,2023.040039
2015-11-16,6146.399902,2053.189941
2015-11-17,6268.799805,2050.439941
2015-11-18,6279,2083.580078
2015-11-19,6329.899902,2081.23999
2015-11-20,6334.600098,2089.169922
2015-11-23,6305.5,2086.590088
2015-11-24,6277.200195,2089.139893
2015-11-25,6337.600098,2088.870117
2015-11-27,6375.200195,2090.110107
2015-11-30,6356.100098,2080.409912
2015-12-01,6395.700195,2102.629883
2015-12-02,6420.899902,2079.51001
2015-12-03,6275,2049.620117
2015-12-04,6238.299805,2091.689941
2015-12-07,6223.5,2077.070068
2015-12-08,6135.200195,2063.590088
2015-12-09,6126.700195,2047.619995
2015-12-10,6088.100098,2052.22998
2015-12-11,5952.799805,2012.369995
2015-12-14,5874.100098,2021.939941
2015-12-15,6017.799805,2043.410034
2015-12-16,6061.200195,2073.070068
2015-12-17,6102.5,2041.890015
2015-12-18,6052.399902,2005.550049
2015-12-21,6034.799805,2021.150024
2015-12-22,6083.100098,2038.969971
2015-12-23,6241,2064.290039
2015-12-24,6254.600098,2060.98999
2015-12-29,6314.600098,2078.360107
2015-12-30,6274.100098,2063.360107
2015-12-31,6242.299805,2043.939941
2016-01-04,6093.399902,2012.660034
2016-01-05,6137.200195,2016.709961
2016-01-06,6073.399902,1990.26001
2016-01-07,5954.100098,1943.089966
2016-01-08,5912.399902,1922.030029
2016-01-11,5871.799805,1923.670044
2016-01-12,5929.200195,1938.680054
2016-01-13,5961,1890.280029
2016-01-14,5918.200195,1921.839966
2016-01-15,5804.100098,1880.329956
2016-01-19,5876.799805,1881.329956
2016-01-20,5673.600098,1859.329956
2016-01-21,5773.799805,1868.98999
2016-01-22,5900,1906.900024
2016-01-25,5877,1877.079956
2016-01-26,5911.5,1903.630005
2016-01-27,5990.399902,1882.949951
2016-01-28,5931.799805,1893.359985
2016-01-29,6083.799805,1940.23999
2016-02-01,6060.100098,1939.380005
2016-02-02,5922,1903.030029
2016-02-03,5837.100098,1912.530029
2016-02-04,5898.799805,1915.449951
2016-02-05,5848.100098,1880.050049
2016-02-08,5689.399902,1853.439941
2016-02-09,5632.200195,1852.209961
2016-02-10,5672.299805,1851.859985
2016-02-11,5537,1829.079956
2016-02-12,5707.600098,1864.780029
2016-02-16,5862.200195,1895.579956
2016-02-17,6030.299805,1926.819946
2016-02-18,5972,1917.829956
2016-02-19,5950.200195,1917.780029
2016-02-22,6037.700195,1945.5
2016-02-23,5962.299805,1921.27002
2016-02-24,5867.200195,1929.800049
2016-02-25,6012.799805,1951.699951
2016-02-26,6096,1948.050049
2016-02-29,6097.100098,1932.22998
2016-03-01,6152.899902,1978.349976
2016-03-02,6147.100098,1986.449951
2016-03-03,6130.5,1993.400024
2016-03-04,6199.399902,1999.98999
2016-03-07,6182.399902,2001.76001
2016-03-08,6125.399902,1979.26001
2016-03-09,6146.299805,1989.26001
2016-03-10,6036.700195,1989.569946
2016-03-11,6139.799805,2022.189941
2016-03-14,6174.600098,2019.640015
2016-03-15,6140,2015.930054
2016-03-16,6175.5,2027.219971
2016-03-17,6201.100098,2040.589966
2016-03-18,6189.600098,2049.580078
2016-03-21,6184.600098,2051.600098
2016-03-22,6192.700195,2049.800049
2016-03-23,6199.100098,2036.709961
2016-03-24,6106.5,2035.939941
2016-03-29,6105.899902,2055.01001
2016-03-30,6203.200195,2063.949951
2016-03-31,6174.899902,2059.73999
2016-04-01,6146.100098,2072.780029
2016-04-04,6164.700195,2066.129883
2016-04-05,6091.200195,2045.170044
2016-04-06,6161.600098,2066.659912
2016-04-07,6136.899902,2041.910034
2016-04-08,6204.399902,2047.599976
2016-04-11,6200.100098,2041.98999
2016-04-12,6242.399902,2061.719971
2016-04-13,6362.899902,2082.419922
2016-04-14,6365.100098,2082.780029
2016-04-15,6343.799805,2080.72998
2016-04-18,6353.5,2094.340088
2016-04-19,6405.399902,2100.800049
2016-04-20,6410.299805,2102.399902
2016-04-21,6381.399902,2091.47998
2016-04-22,6310.399902,2091.580078
2016-04-25,6260.899902,2087.790039
2016-04-26,6284.5,2091.699951
2016-04-27,6319.899902,2095.149902
2016-04-28,6322.399902,2075.810059
2016-04-29,6241.899902,2065.300049
2016-05-03,6185.600098,2063.370117
2016-05-04,6112,2051.120117
2016-05-05,6117.299805,2050.629883
2016-05-06,6125.700195,2057.139893
2016-05-09,6114.799805,2058.689941
2016-05-10,6156.700195,2084.389893
2016-05-11,6162.5,2064.459961
2016-05-12,6104.200195,2064.110107
2016-05-13,6138.5,2046.609985
2016-05-16,6151.399902,2066.659912
2016-05-17,6167.799805,2047.209961
2016-05-18,6165.799805,2047.630005
2016-05-19,6053.399902,2040.040039
2016-05-20,6156.299805,2052.320068
2016-05-23,6136.399902,2048.040039
2016-05-24,6219.299805,2076.060059
2016-05-25,6262.899902,2090.540039
2016-05-26,6265.700195,2090.100098
2016-05-27,6270.799805,2099.060059
2016-05-31,6230.799805,2096.949951
2016-06-01,6191.899902,2099.330078
2016-06-02,6185.600098,2105.26001
2016-06-03,6209.600098,2099.129883
2016-06-06,6273.399902,2109.409912
2016-06-07,6284.5,2112.129883
2016-06-08,6301.5,2119.120117
2016-06-09,6231.899902,2115.47998
2016-06-10,6115.799805,2096.070068
2016-06-13,6045,2079.060059
2016-06-14,5923.5,2075.320068
2016-06-15,5966.799805,2071.5
2016-06-16,5950.5,2077.98999
2016-06-17,6021.100098,2071.219971
2016-06-20,6204,2083.25
2016-06-21,6226.600098,2088.899902
2016-06-22,6261.200195,2085.449951
2016-06-23,6338.100098,2113.320068
2016-06-24,6138.700195,2037.410034
2016-06-27,5982.200195,2000.540039
2016-06-28,6140.399902,2036.089966
2016-06-29,6360.100098,2070.77002
2016-06-30,6504.299805,2098.860107
2016-07-01,6577.799805,2102.949951
2016-07-05,6545.399902,2088.550049
2016-07-06,6463.600098,2099.72998
2016-07-07,6533.799805,2097.899902
2016-07-08,6590.600098,2129.899902
2016-07-11,6682.899902,2137.159912
2016-07-12,6680.700195,2152.139893
2016-07-13,6670.399902,2152.429932
2016-07-14,6654.5,2163.75
2016-07-15,6669.200195,2161.73999
2016-07-18,6695.399902,2166.889893
2016-07-19,6697.399902,2163.780029
2016-07-20,6729,2173.02002
2016-07-21,6699.899902,2165.169922
2016-07-22,6730.5,2175.030029
2016-07-25,6710.100098,2168.47998
2016-07-26,6724,2169.179932
2016-07-27,6750.399902,2166.580078
2016-07-28,6721.100098,2170.060059
2016-07-29,6724.399902,2173.600098
2016-08-01,6694,2170.840088
2016-08-02,6645.399902,2157.030029
2016-08-03,6634.399902,2163.790039
2016-08-04,6740.200195,2164.25
2016-08-05,6793.5,2182.870117
2016-08-08,6809.100098,2180.889893
2016-08-09,6851.299805,2181.73999
2016-08-10,6866.399902,2175.48999
2016-08-11,6914.700195,2185.790039
2016-08-12,6916,2184.050049
2016-08-15,6941.200195,2190.149902
2016-08-16,6893.899902,2178.149902
2016-08-17,6859.200195,2182.219971
2016-08-18,6869,2187.02002
2016-08-19,6859,2183.870117
2016-08-22,6828.5,2182.639893
2016-08-23,6868.5,2186.899902
2016-08-24,6835.799805,2175.439941
2016-08-25,6816.899902,2172.469971
2016-08-26,6838.100098,2169.040039
2016-08-30,6820.799805,2176.120117
2016-08-31,6781.5,2170.949951
2016-09-01,6746,2170.860107
2016-09-02,6894.600098,2179.97998
2016-09-06,6826.100098,2186.47998
2016-09-07,6846.600098,2186.159912
2016-09-08,6858.700195,2181.300049
2016-09-09,6777,2127.810059
2016-09-12,6700.899902,2159.040039
2016-09-13,6665.600098,2127.02002
2016-09-14,6673.299805,2125.77002
2016-09-15,6730.299805,2147.26001
2016-09-16,6710.299805,2139.159912
2016-09-19,6813.600098,2139.120117
2016-09-20,6830.799805,2139.76001
2016-09-21,6834.799805,2163.120117
2016-09-22,6911.399902,2177.179932
2016-09-23,6909.399902,2164.689941
2016-09-26,6818,2146.100098
2016-09-27,6807.700195,2159.929932
2016-09-28,6849.399902,2171.370117
2016-09-29,6919.399902,2151.129883
2016-09-30,6899.299805,2168.27002
2016-10-03,6983.5,2161.199951
2016-10-04,7074.299805,2150.48999
2016-10-05,7033.299805,2159.72998
2016-10-06,7000,2160.77002
2016-10-07,7044.399902,2153.73999
2016-10-10,7097.5,2163.659912
2016-10-11,7070.899902,2136.72998
2016-10-12,7024,2139.179932
2016-10-13,6977.700195,2132.550049
2016-10-14,7013.600098,2132.97998
2016-10-17,6947.600098,2126.5
2016-10-18,7000.100098,2139.600098
2016-10-19,7021.899902,2144.290039
2016-10-20,7026.899902,2141.340088
2016-10-21,7020.5,2141.159912
2016-10-24,6986.399902,2151.330078
2016-10-25,7017.600098,2143.159912
2016-10-26,6958.100098,2139.429932
2016-10-27,6986.600098,2133.040039
2016-10-28,6996.299805,2126.409912
2016-10-31,6954.200195,2126.149902
2016-11-01,6917.100098,2111.719971
2016-11-02,6845.399902,2097.939941
2016-11-03,6790.5,2088.659912
2016-11-04,6693.299805,2085.179932
2016-11-07,6806.899902,2131.52002
2016-11-08,6843.100098,2139.560059
2016-11-09,6911.799805,2163.26001
2016-11-10,6828,2167.47998
2016-11-11,6730.399902,2164.449951
2016-11-14,6753.200195,2164.199951
2016-11-15,6792.700195,2180.389893
2016-11-16,6749.700195,2176.939941
2016-11-17,6794.700195,2187.120117
2016-11-18,6775.799805,2181.899902
2016-11-21,6778,2198.179932
2016-11-22,6819.700195,2202.939941
2016-11-23,6817.700195,2204.719971
2016-11-25,6840.799805,2213.350098
2016-11-28,6799.5,2201.719971
2016-11-29,6772,2204.659912
2016-11-30,6783.799805,2198.810059
2016-12-01,6752.899902,2191.080078
2016-12-02,6730.700195,2191.949951
2016-12-05,6746.799805,2204.709961
2016-12-06,6779.799805,2212.22998
2016-12-07,6902.200195,2241.350098
2016-12-08,6931.600098,2246.189941
2016-12-09,6954.200195,2259.530029
2016-12-12,6890.399902,2256.959961
2016-12-13,6968.600098,2271.719971
2016-12-14,6949.200195,2253.280029
2016-12-15,6999,2262.030029
2016-12-16,7011.600098,2258.070068
2016-12-19,7017.200195,2262.530029
2016-12-20,7044,2270.76001
2016-12-21,7041.399902,2265.179932
2016-12-22,7063.700195,2260.959961
2016-12-23,7068.200195,2263.790039
2016-12-28,7106.100098,2249.919922
2016-12-29,7120.299805,2249.26001
2016-12-30,7142.799805,2238.830078
2017-01-03,7177.899902,2257.830078
2017-01-04,7189.700195,2270.75
2017-01-05,7195.299805,2269
2017-01-06,7210.100098,2276.97998
2017-01-09,7237.799805,2268.899902
2017-01-10,7275.5,2268.899902
2017-01-11,7290.5,2275.320068
2017-01-12,7292.399902,2270.439941
2017-01-13,7337.799805,2274.639893
2017-01-17,7220.399902,2267.889893
2017-01-18,7247.600098,2271.889893
2017-01-19,7208.399902,2263.689941
2017-01-20,7198.399902,2271.310059
2017-01-23,7151.200195,2265.199951
2017-01-24,7150.299805,2280.070068
2017-01-25,7164.399902,2298.370117
2017-01-26,7161.5,2296.679932
2017-01-27,7184.5,2294.689941
2017-01-30,7118.5,2280.899902
2017-01-31,7099.200195,2278.870117
2017-02-01,7107.700195,2279.550049
2017-02-02,7140.799805,2280.850098
2017-02-03,7188.299805,2297.419922
2017-02-06,7172.200195,2292.560059
2017-02-07,7186.200195,2293.080078
2017-02-08,7188.799805,2294.669922
2017-02-09,7229.5,2307.870117
2017-02-10,7258.799805,2316.100098
2017-02-13,7278.899902,2328.25
2017-02-14,7268.600098,2337.580078
2017-02-15,7302.399902,2349.25
2017-02-16,7277.899902,2347.219971
2017-02-17,7300,2351.159912
2017-02-21,7274.799805,2365.379883
2017-02-22,7302.299805,2362.820068
2017-02-23,7271.399902,2363.810059
2017-02-24,7243.700195,2367.340088
2017-02-27,7253,2369.75
2017-02-28,7263.399902,2363.639893
2017-03-01,7382.899902,2395.959961
2017-03-02,7382.399902,2381.919922
2017-03-03,7374.299805,2383.120117
2017-03-06,7350.100098,2375.310059
2017-03-07,7339,2368.389893
2017-03-08,7334.600098,2362.97998
2017-03-09,7315,2364.870117
2017-03-10,7343.100098,2372.600098
2017-03-13,7367.100098,2373.469971
2017-03-14,7357.899902,2365.449951
2017-03-15,7368.600098,2385.26001
2017-03-16,7416,2381.379883
2017-03-17,7425,2378.25
2017-03-20,7429.799805,2373.469971
2017-03-21,7378.299805,2344.02002
2017-03-22,7324.700195,2348.449951
2017-03-23,7340.700195,2345.959961
2017-03-24,7336.799805,2343.97998
2017-03-27,7293.5,2341.590088
2017-03-28,7343.399902,2358.570068
2017-03-29,7373.700195,2361.129883
2017-03-30,7369.5,2368.060059
2017-03-31,7322.899902,2362.719971
2017-04-03,7282.700195,2358.840088
2017-04-04,7321.799805,2360.159912
2017-04-05,7331.700195,2352.949951
2017-04-06,7303.200195,2357.48999
2017-04-07,7349.399902,2355.540039
2017-04-10,7348.899902,2357.159912
2017-04-11,7365.5,2353.780029
2017-04-12,7349,2344.929932
2017-04-13,7327.600098,2328.949951
2017-04-18,7147.5,2342.189941
2017-04-19,7114.399902,2338.169922
2017-04-20,7118.5,2355.840088
2017-04-21,7114.600098,2348.689941
2017-04-24,7264.700195,2374.149902
2017-04-25,7275.600098,2388.610107
2017-04-26,7288.700195,2387.449951
2017-04-27,7237.200195,2388.77002
2017-04-28,7203.899902,2384.199951
2017-05-02,7250.100098,2391.169922
2017-05-03,7234.5,2388.129883
2017-05-04,7248.100098,2389.52002
2017-05-05,7297.399902,2399.290039
2017-05-08,7300.899902,2399.379883
2017-05-09,7342.200195,2396.919922
2017-05-10,7385.200195,2399.629883
2017-05-11,7386.600098,2394.439941
2017-05-12,7435.399902,2390.899902
2017-05-15,7454.399902,2402.320068
2017-05-16,7522,2400.669922
2017-05-17,7503.5,2357.030029
2017-05-18,7436.399902,2365.719971
2017-05-19,7470.700195,2381.72998
2017-05-22,7496.299805,2394.02002
2017-05-23,7485.299805,2398.419922
2017-05-24,7514.899902,2404.389893
2017-05-25,7517.700195,2415.070068
2017-05-26,7547.600098,2415.820068
2017-05-30,7526.5,2412.909912
2017-05-31,7520,2411.800049
2017-06-01,7543.799805,2430.060059
2017-06-02,7547.600098,2439.070068
2017-06-05,7525.799805,2436.100098
2017-06-06,7525,2429.330078
2017-06-07,7478.600098,2433.139893
2017-06-08,7450,2433.790039
2017-06-09,7527.299805,2431.77002
2017-06-12,7511.899902,2429.389893
2017-06-13,7500.399902,2440.350098
2017-06-14,7474.399902,2437.919922
2017-06-15,7419.399902,2432.459961
2017-06-16,7463.5,2433.149902
2017-06-19,7523.799805,2453.459961
2017-06-20,7472.700195,2437.030029
2017-06-21,7447.799805,2435.610107
2017-06-22,7439.299805,2434.5
2017-06-23,7424.100098,2438.300049
2017-06-26,7446.799805,2439.070068
2017-06-27,7434.399902,2419.379883
2017-06-28,7387.799805,2440.689941
2017-06-29,7350.299805,2419.699951
2017-06-30,7312.700195,2423.409912
2017-07-03,7377.100098,2429.01001
2017-07-05,7367.600098,2432.540039
2017-07-06,7337.299805,2409.75
2017-07-07,7350.899902,2425.179932
2017-07-10,7370,2427.429932
2017-07-11,7329.799805,2425.530029
2017-07-12,7416.899902,2443.25
2017-07-13,7413.399902,2447.830078
2017-07-14,7378.399902,2459.27002
2017-07-17,7404.100098,2459.139893
2017-07-18,7390.200195,2460.610107
2017-07-19,7430.899902,2473.830078
2017-07-20,7487.899902,2473.449951
2017-07-21,7452.899902,2472.540039
2017-07-24,7377.700195,2469.909912
2017-07-25,7434.799805,2477.129883
2017-07-26,7452.299805,2477.830078
2017-07-27,7443,2475.419922
2017-07-28,7368.399902,2472.100098
2017-07-31,7372,2470.300049
2017-08-01,7423.700195,2476.350098
2017-08-02,7411.399902,2477.570068
2017-08-03,7474.799805,2472.159912
2017-08-04,7511.700195,2476.830078
2017-08-07,7531.899902,2480.909912
2017-08-08,7542.700195,2474.919922
2017-08-09,7498.100098,2474.02002
2017-08-10,7389.899902,2438.209961
2017-08-11,7310,2441.320068
2017-08-14,7353.899902,2465.840088
2017-08-15,7383.899902,2464.610107
2017-08-16,7433,2468.110107
2017-08-17,7387.899902,2430.01001
2017-08-18,7324,2425.550049
2017-08-21,7318.899902,2428.370117
2017-08-22,7381.700195,2452.51001
2017-08-23,7382.700195,2444.040039
2017-08-24,7407.100098,2438.969971
2017-08-25,7401.5,2443.050049
2017-08-29,7337.399902,2446.300049
2017-08-30,7365.299805,2457.590088
2017-08-31,7430.600098,2471.649902
2017-09-01,7438.5,2476.550049
2017-09-05,7372.899902,2457.850098
2017-09-06,7354.100098,2465.540039
2017-09-07,7397,2465.100098
2017-09-08,7377.600098,2461.429932
2017-09-11,7413.600098,2488.110107
2017-09-12,7400.700195,2496.47998
2017-09-13,7379.700195,2498.370117
2017-09-14,7295.399902,2495.620117
2017-09-15,7215.5,2500.22998
2017-09-18,7253.299805,2503.870117
2017-09-19,7275.299805,2506.649902
2017-09-20,7272,2508.23999
2017-09-21,7263.899902,2500.600098
2017-09-22,7310.600098,2502.219971
2017-09-25,7301.299805,2496.659912
2017-09-26,7285.700195,2496.840088
2017-09-27,7313.5,2507.040039
2017-09-28,7322.799805,2510.060059
2017-09-29,7372.799805,2519.360107
2017-10-02,7438.799805,2529.120117
2017-10-03,7468.100098,2534.580078
2017-10-04,7467.600098,2537.73999
2017-10-05,7508,2552.070068
2017-10-06,7522.899902,2549.330078
2017-10-09,7507.899902,2544.72998
2017-10-10,7538.299805,2550.639893
2017-10-11,7533.799805,2555.23999
2017-10-12,7556.200195,2550.929932
2017-10-13,7535.399902,2553.169922
2017-10-16,7527,2557.639893
2017-10-17,7516.200195,2559.360107
2017-10-18,7542.899902,2561.26001
2017-10-19,7523,2562.100098
2017-10-20,7523.200195,2575.209961
2017-10-23,7524.5,2564.97998
2017-10-24,7526.5,2569.129883
2017-10-25,7447.200195,2557.149902
2017-10-26,7486.5,2560.399902
2017-10-27,7505,2581.070068
2017-10-30,7487.799805,2572.830078
2017-10-31,7493.100098,2575.26001
2017-11-01,7488,2579.360107
2017-11-02,7555.299805,2579.850098
2017-11-03,7560.399902,2587.840088
2017-11-06,7562.299805,2591.129883
2017-11-07,7513.100098,2590.639893
2017-11-08,7529.700195,2594.379883
2017-11-09,7484.100098,2584.620117
2017-11-10,7433,2582.300049
2017-11-13,7415.200195,2584.840088
2017-11-14,7414.399902,2578.870117
2017-11-15,7372.600098,2564.620117
2017-11-16,7386.899902,2585.639893
2017-11-17,7380.700195,2578.850098
2017-11-20,7389.5,2582.139893
2017-11-21,7411.299805,2599.030029
2017-11-22,7419,2597.080078
2017-11-24,7409.600098,2602.419922
2017-11-27,7383.899902,2601.419922
2017-11-28,7460.700195,2627.040039
2017-11-29,7393.600098,2626.070068
2017-11-30,7326.700195,2647.580078
2017-12-01,7300.5,2642.219971
2017-12-04,7339,2639.439941
2017-12-05,7327.5,2629.570068
2017-12-06,7348,2629.27002
2017-12-07,7320.799805,2636.97998
2017-12-08,7394,2651.5
2017-12-11,7453.5,2659.98999
2017-12-12,7500.399902,2664.110107
2017-12-13,7496.5,2662.850098
2017-12-14,7448.100098,2652.01001
2017-12-15,7490.600098,2675.810059
2017-12-18,7537,2690.159912
2017-12-19,7544.100098,2681.469971
2017-12-20,7525.200195,2679.25
2017-12-21,7604,2684.570068
2017-12-22,7592.700195,2683.340088
2017-12-27,7620.700195,2682.620117
2017-12-28,7622.899902,2687.540039
2017-12-29,7687.799805,2673.610107
2018-01-02,7648.100098,2695.810059
2018-01-03,7671.100098,2713.060059
2018-01-04,7695.899902,2723.98999
2018-01-05,7724.200195,2743.149902
2018-01-08,7696.5,2747.709961
2018-01-09,7731,2751.290039
2018-01-10,7748.5,2748.22998
2018-01-11,7762.899902,2767.560059
2018-01-12,7778.600098,2786.23999
2018-01-16,7755.899902,2776.419922
2018-01-17,7725.399902,2802.560059
2018-01-18,7701,2798.030029
2018-01-19,7730.799805,2810.300049
2018-01-22,7715.399902,2832.969971
2018-01-23,7731.799805,2839.129883
2018-01-24,7643.399902,2837.540039
2018-01-25,7615.799805,2839.25
2018-01-26,7665.5,2872.870117
2018-01-29,7671.5,2853.530029
2018-01-30,7588,2822.429932
2018-01-31,7533.600098,2823.810059
2018-02-01,7490.399902,2821.97998
2018-02-02,7443.399902,2762.129883
2018-02-05,7335,2648.939941
2018-02-06,7141.399902,2695.139893
2018-02-07,7279.399902,2681.659912
2018-02-08,7170.700195,2581
2018-02-09,7092.399902,2619.550049
2018-02-12,7177.100098,2656
2018-02-13,7168,2662.939941
2018-02-14,7214,2698.629883
2018-02-15,7234.799805,2731.199951
2018-02-16,7294.700195,2732.219971
2018-02-20,7246.799805,2716.26001
2018-02-21,7281.600098,2701.330078
2018-02-22,7252.399902,2703.959961
2018-02-23,7244.399902,2747.300049
2018-02-26,7289.600098,2779.600098
2018-02-27,7282.5,2744.280029
2018-02-28,7231.899902,2713.830078
2018-03-01,7175.600098,2677.669922
2018-03-02,7069.899902,2691.25
2018-03-05,7116,2720.939941
2018-03-06,7146.799805,2728.120117
2018-03-07,7157.799805,2726.800049
2018-03-08,7203.200195,2738.969971
2018-03-09,7224.5,2786.570068
2018-03-12,7214.799805,2783.02002
2018-03-13,7138.799805,2765.310059
2018-03-14,7132.700195,2749.47998
2018-03-15,7139.799805,2747.330078
2018-03-16,7164.100098,2752.01001
2018-03-19,7042.899902,2712.919922
2018-03-20,7061.299805,2716.939941
2018-03-21,7039,2711.929932
2018-03-22,6952.600098,2643.689941
2018-03-23,6921.899902,2588.26001
2018-03-26,6888.700195,2658.550049
2018-03-27,7000.100098,2612.620117
2018-03-28,7044.700195,2605
2018-03-29,7056.600098,2640.870117
2018-04-03,7030.5,2614.449951
2018-04-04,7034,2644.689941
2018-04-05,7199.5,2662.840088
2018-04-06,7183.600098,2604.469971
2018-04-09,7194.799805,2613.159912
2018-04-10,7266.799805,2656.870117
2018-04-11,7257.100098,2642.189941
2018-04-12,7258.299805,2663.98999
2018-04-13,7264.600098,2656.300049
2018-04-16,7198.200195,2677.840088
2018-04-17,7226.100098,2706.389893
2018-04-18,7317.299805,2708.639893
2018-04-19,7328.899902,2693.129883
2018-04-20,7368.200195,2670.139893
2018-04-23,7398.899902,2670.290039
2018-04-24,7425.399902,2634.560059
2018-04-25,7379.299805,2639.399902
2018-04-26,7421.399902,2666.939941
2018-04-27,7502.200195,2669.909912
2018-04-30,7509.299805,2648.050049
2018-05-01,7520.399902,2654.800049
2018-05-02,7543.200195,2635.669922
2018-05-03,7502.700195,2629.72998
2018-05-04,7567.100098,2663.419922
2018-05-08,7565.799805,2671.919922
2018-05-09,7662.5,2697.790039
2018-05-10,7701,2723.070068
2018-05-11,7724.600098,2727.719971
2018-05-14,7711,2730.129883
2018-05-15,7723,2711.449951
2018-05-16,7734.200195,2722.459961
2018-05-17,7788,2720.129883
2018-05-18,7778.799805,2712.969971
2018-05-21,7859.200195,2733.01001
2018-05-22,7877.5,2724.439941
2018-05-23,7788.399902,2733.290039
2018-05-24,7716.700195,2727.76001
2018-05-25,7730.299805,2721.330078
2018-05-29,7632.600098,2689.860107
2018-05-30,7689.600098,2724.01001
2018-05-31,7678.200195,2705.27002
2018-06-01,7701.799805,2734.620117
2018-06-04,7741.299805,2746.870117
2018-06-05,7686.799805,2748.800049
2018-06-06,7712.399902,2772.350098
2018-06-07,7704.399902,2770.370117
2018-06-08,7681.100098,2779.030029
2018-06-11,7737.399902,2782
2018-06-12,7703.799805,2786.850098
2018-06-13,7703.700195,2775.629883
2018-06-14,7765.799805,2782.48999
2018-06-15,7633.899902,2779.659912
2018-06-18,7631.299805,2773.75
2018-06-19,7603.899902,2762.590088
2018-06-20,7627.399902,2767.320068
2018-06-21,7556.399902,2749.76001
2018-06-22,7682.299805,2754.879883
2018-06-25,7509.799805,2717.070068
2018-06-26,7537.899902,2723.060059
2018-06-27,7621.700195,2699.629883
2018-06-28,7615.600098,2716.310059
2018-06-29,7636.899902,2718.370117
2018-07-02,7547.899902,2726.709961
2018-07-03,7593.299805,2713.219971
2018-07-05,7603.200195,2736.610107
2018-07-06,7617.700195,2759.820068
2018-07-09,7688,2784.169922
2018-07-10,7692,2793.840088
2018-07-11,7592,2774.02002
2018-07-12,7651.299805,2798.290039
2018-07-13,7661.899902,2801.310059
2018-07-16,7600.5,2798.429932
2018-07-17,7626.299805,2809.550049
2018-07-18,7676.299805,2815.620117
2018-07-19,7684,2804.48999
2018-07-20,7678.799805,2801.830078
2018-07-23,7655.799805,2806.97998
2018-07-24,7709.100098,2820.399902
2018-07-25,7658.299805,2846.070068
2018-07-26,7663.200195,2837.439941
2018-07-27,7701.299805,2818.820068
2018-07-30,7700.899902,2802.600098
2018-07-31,7748.799805,2816.290039
2018-08-01,7652.899902,2813.360107
2018-08-02,7575.899902,2827.219971
2018-08-03,7659.100098,2840.350098
2018-08-06,7663.799805,2850.399902
2018-08-07,7718.5,2858.449951
2018-08-08,7776.700195,2857.699951
2018-08-09,7741.799805,2853.580078
2018-08-10,7667,2833.280029
2018-08-13,7642.5,2821.929932
2018-08-14,7611.600098,2839.959961
2018-08-15,7497.899902,2818.370117
2018-08-16,7556.399902,2840.689941
2018-08-17,7558.600098,2850.129883
2018-08-20,7591.299805,2857.050049
2018-08-21,7565.700195,2862.959961
2018-08-22,7574.200195,2861.820068
2018-08-23,7563.200195,2856.97998
2018-08-24,7577.5,2874.689941
2018-08-28,7617.200195,2897.52002
2018-08-29,7563.200195,2914.040039
2018-08-30,7516,2901.129883
2018-08-31,7432.399902,2901.52002
2018-09-04,7457.899902,2896.719971
2018-09-05,7383.299805,2888.600098
2018-09-06,7319,2878.050049
2018-09-07,7277.700195,2871.679932
2018-09-10,7279.299805,2877.129883
2018-09-11,7273.5,2887.889893
2018-09-12,7313.399902,2888.919922
2018-09-13,7281.600098,2904.179932
2018-09-14,7304,2904.97998
2018-09-17,7302.100098,2888.800049
2018-09-18,7300.200195,2904.310059
2018-09-19,7331.100098,2907.949951
2018-09-20,7367.299805,2930.75
2018-09-21,7490.200195,2929.669922
2018-09-24,7458.399902,2919.370117
2018-09-25,7507.600098,2915.560059
2018-09-26,7511.5,2905.969971
2018-09-27,7545.399902,2914
2018-09-28,7510.200195,2913.97998
2018-10-01,7495.700195,2924.590088
2018-10-02,7474.600098,2923.429932
2018-10-03,7510.299805,2925.51001
2018-10-04,7418.299805,2901.610107
2018-10-05,7318.5,2885.570068
2018-10-08,7233.299805,2884.429932
2018-10-09,7237.600098,2880.340088
2018-10-10,7145.700195,2785.679932
2018-10-11,7006.899902,2728.370117
2018-10-12,6995.899902,2767.129883
2018-10-15,7029.200195,2750.790039
2018-10-16,7059.399902,2809.919922
2018-10-17,7054.600098,2809.209961
2018-10-18,7027,2768.780029
2018-10-19,7049.799805,2767.780029
2018-10-22,7042.799805,2755.879883
2018-10-23,6955.200195,2740.689941
2018-10-24,6963,2656.100098
2018-10-25,7004.100098,2705.570068
2018-10-26,6939.600098,2658.689941
2018-10-29,7026.299805,2641.25
2018-10-30,7035.899902,2682.629883
2018-10-31,7128.100098,2711.73999
2018-11-01,7114.700195,2740.370117
2018-11-02,7094.100098,2723.060059
2018-11-05,7103.799805,2738.310059
2018-11-06,7040.700195,2755.449951
2018-11-07,7117.299805,2813.889893
2018-11-08,7140.700195,2806.830078
2018-11-09,7105.299805,2781.01001
2018-11-12,7053.100098,2726.219971
2018-11-13,7053.799805,2722.179932
2018-11-14,7033.799805,2701.580078
2018-11-15,7038,2730.199951
2018-11-16,7013.899902,2736.27002
2018-11-19,7000.899902,2690.72998
2018-11-20,6947.899902,2641.889893
2018-11-21,7050.200195,2649.929932
2018-11-23,6952.899902,2632.560059
2018-11-26,7036,2673.449951
2018-11-27,7016.899902,2682.169922
2018-11-28,7004.5,2743.790039
2018-11-29,7039,2737.800049
2018-11-30,6980.200195,2760.169922
2018-12-03,7062.399902,2790.370117
2018-12-04,7022.799805,2700.060059
2018-12-06,6704.100098,2695.949951
2018-12-07,6778.100098,2633.080078
2018-12-10,6721.5,2637.719971
2018-12-11,6806.899902,2636.780029
2018-12-12,6880.200195,2651.070068
2018-12-13,6877.5,2650.540039
2018-12-14,6845.200195,2599.949951
2018-12-17,6773.200195,2545.939941
2018-12-18,6701.600098,2546.159912
2018-12-19,6765.899902,2506.959961
2018-12-20,6711.899902,2467.419922
2018-12-21,6721.200195,2416.620117
2018-12-24,6686,2351.100098
2018-12-27,6584.700195,2488.830078
2018-12-28,6734,2485.73999
2018-12-31,6728.100098,2506.850098
2019-01-02,6734.200195,2510.030029
2019-01-03,6692.700195,2447.889893
2019-01-04,6837.399902,2531.939941
2019-01-07,6810.899902,2549.689941
2019-01-08,6861.600098,2574.409912
2019-01-09,6906.600098,2584.959961
2019-01-10,6942.899902,2596.639893
2019-01-11,6918.200195,2596.26001
2019-01-14,6855,2582.610107
2019-01-15,6895,2610.300049
2019-01-16,6862.700195,2616.100098
2019-01-17,6834.899902,2635.959961
2019-01-18,6968.299805,2670.709961
2019-01-22,6901.399902,2632.899902
2019-01-23,6842.899902,2638.699951
2019-01-24,6819,2642.330078
2019-01-25,6809.200195,2664.76001
2019-01-28,6747.100098,2643.850098
2019-01-29,6833.899902,2640
2019-01-30,6941.600098,2681.050049
2019-01-31,6968.899902,2704.100098
2019-02-01,7020.200195,2706.530029
2019-02-04,7034.100098,2724.870117
2019-02-05,7177.399902,2737.699951
2019-02-06,7173.100098,2731.610107
2019-02-07,7093.600098,2706.050049
2019-02-08,7071.200195,2707.879883
2019-02-11,7129.100098,2709.800049
2019-02-12,7133.100098,2744.72998
2019-02-13,7190.799805,2753.030029
2019-02-14,7197,2745.72998
2019-02-15,7236.700195,2775.600098
2019-02-19,7179.200195,2779.76001
2019-02-20,7228.600098,2784.699951
2019-02-21,7167.399902,2774.879883
2019-02-22,7178.600098,2792.669922
2019-02-25,7183.700195,2796.110107
2019-02-26,7151.100098,2793.899902
2019-02-27,7107.200195,2792.379883
2019-02-28,7074.700195,2784.48999
2019-03-01,7106.700195,2803.689941
2019-03-04,7134.399902,2792.810059
2019-03-05,7183.399902,2789.649902
2019-03-06,7196,2771.449951
2019-03-07,7157.600098,2748.929932
2019-03-08,7104.299805,2743.070068
2019-03-11,7130.600098,2783.300049
2019-03-12,7151.200195,2791.52002
2019-03-13,7159.200195,2810.919922
2019-03-14,7185.399902,2808.47998
2019-03-15,7228.299805,2822.47998
2019-03-18,7299.200195,2832.939941
2019-03-19,7324,2832.570068
2019-03-20,7291,2824.22998
2019-03-21,7355.299805,2854.879883
2019-03-22,7207.600098,2800.709961
2019-03-25,7177.600098,2798.360107
2019-03-26,7196.299805,2818.459961
2019-03-27,7194.200195,2805.370117
2019-03-28,7234.299805,2815.439941
2019-03-29,7279.200195,2834.399902
2019-04-01,7317.399902,2867.189941
2019-04-02,7391.100098,2867.23999
2019-04-03,7418.299805,2873.399902
2019-04-04,7401.899902,2879.389893
2019-04-05,7446.899902,2892.73999
2019-04-08,7451.899902,2895.77002
2019-04-09,7425.600098,2878.199951
2019-04-10,7421.899902,2888.209961
2019-04-11,7418,2888.320068
2019-04-12,7437.100098,2907.409912
2019-04-15,7436.899902,2905.580078
2019-04-16,7469.899902,2907.060059
2019-04-17,7471.299805,2900.449951
2019-04-18,7459.899902,2905.030029
2019-04-23,7523.100098,2933.679932
2019-04-24,7471.799805,2927.25
2019-04-25,7434.100098,2926.169922
2019-04-26,7428.200195,2939.879883
2019-04-29,7440.700195,2943.030029
2019-04-30,7418.200195,2945.830078
2019-05-01,7385.299805,2923.72998
2019-05-02,7351.299805,2917.52002
2019-05-03,7380.600098,2945.639893
2019-05-07,7260.5,2884.050049
2019-05-08,7271,2879.419922
2019-05-09,7207.399902,2870.719971
2019-05-10,7203.299805,2881.399902
2019-05-13,7163.700195,2811.870117
2019-05-14,7241.600098,2834.409912
2019-05-15,7297,2850.959961
2019-05-16,7353.5,2876.320068
2019-05-17,7348.600098,2859.530029
2019-05-20,7310.899902,2840.22998
2019-05-21,7328.899902,2864.360107
2019-05-22,7334.200195,2856.27002
2019-05-23,7231,2822.23999
2019-05-24,7277.700195,2826.060059
2019-05-28,7269,2802.389893
2019-05-29,7185.299805,2783.02002
2019-05-30,7218.200195,2788.860107
2019-05-31,7161.700195,2752.060059
2019-06-03,7184.799805,2744.449951
2019-06-04,7214.299805,2803.27002
2019-06-05,7220.200195,2826.149902
2019-06-06,7259.899902,2843.48999
2019-06-07,7331.899902,2873.340088
2019-06-10,7375.5,2886.72998
2019-06-11,7398.5,2885.719971
2019-06-12,7367.600098,2879.840088
2019-06-13,7368.600098,2891.639893
2019-06-14,7345.799805,2886.97998
2019-06-17,7357.299805,2889.669922
2019-06-18,7443,2917.75
2019-06-19,7403.5,2926.459961
2019-06-20,7424.399902,2954.179932
2019-06-21,7407.5,2950.459961
2019-06-24,7416.700195,2945.350098
2019-06-25,7422.399902,2917.379883
2019-06-26,7416.399902,2913.780029
2019-06-27,7402.299805,2924.919922
2019-06-28,7425.600098,2941.76001
2019-07-01,7497.5,2964.330078
2019-07-02,7559.200195,2973.01001
2019-07-03,7609.299805,2995.820068
2019-07-05,7553.100098,2990.409912
2019-07-08,7549.299805,2975.949951
2019-07-09,7536.5,2979.629883
2019-07-10,7530.700195,2993.070068
2019-07-11,7509.799805,2999.909912
2019-07-12,7506,3013.77002
2019-07-15,7531.700195,3014.300049
2019-07-16,7577.200195,3004.040039
2019-07-17,7535.5,2984.419922
2019-07-18,7493.100098,2995.110107
2019-07-19,7508.700195,2976.610107
2019-07-22,7514.899902,2985.030029
2019-07-23,7556.899902,3005.469971
2019-07-24,7501.5,3019.560059
2019-07-25,7489.100098,3003.669922
2019-07-26,7549.100098,3025.860107
2019-07-29,7686.600098,3020.969971
2019-07-30,7646.799805,3013.179932
2019-07-31,7586.799805,2980.379883
2019-08-01,7584.899902,2953.560059
2019-08-02,7407.100098,2932.050049
2019-08-05,7223.899902,2844.73999
2019-08-06,7171.700195,2881.77002
2019-08-07,7198.700195,2883.97998
2019-08-08,7285.899902,2938.090088
2019-08-09,7253.899902,2918.649902
2019-08-12,7226.700195,2882.699951
2019-08-13,7250.899902,2926.320068
2019-08-14,7147.899902,2840.600098
2019-08-15,7067,2847.600098
2019-08-16,7117.200195,2888.679932
2019-08-19,7189.700195,2923.649902
2019-08-20,7125,2900.51001
2019-08-21,7204,2924.429932
2019-08-22,7128.200195,2922.949951
2019-08-23,7095,2847.110107
2019-08-27,7089.600098,2869.159912
2019-08-28,7114.700195,2887.939941
2019-08-29,7184.299805,2924.580078
2019-08-30,7207.200195,2926.459961
2019-09-03,7268.200195,2906.27002
2019-09-04,7311.299805,2937.780029
2019-09-05,7271.200195,2976
2019-09-06,7282.299805,2978.709961
2019-09-09,7235.799805,2978.429932
2019-09-10,7268,2979.389893
2019-09-11,7338,3000.929932
2019-09-12,7344.700195,3009.570068
2019-09-13,7367.5,3007.389893
2019-09-16,7321.399902,2997.959961
2019-09-17,7320.399902,3005.699951
2019-09-18,7314.100098,3006.72998
2019-09-19,7356.399902,3006.790039
2019-09-20,7344.899902,2992.070068
2019-09-23,7326.100098,2991.780029
2019-09-24,7291.399902,2966.600098
2019-09-25,7290,2984.870117
2019-09-26,7351.100098,2977.620117
2019-09-27,7426.200195,2961.790039
2019-09-30,7408.200195,2976.73999
2019-10-01,7360.299805,2940.25
2019-10-02,7122.5,2887.610107
2019-10-03,7077.600098,2910.629883
2019-10-04,7155.399902,2952.01001
2019-10-07,7197.899902,2938.790039
2019-10-08,7143.200195,2893.060059
2019-10-09,7166.5,2919.399902
2019-10-10,7186.399902,2938.129883
2019-10-11,7247.100098,2970.27002
2019-10-14,7213.5,2966.149902
2019-10-15,7211.600098,2995.679932
2019-10-16,7168,2989.689941
2019-10-17,7182.299805,2997.949951
2019-10-18,7150.600098,2986.199951
2019-10-21,7163.600098,3006.719971
2019-10-22,7212.5,2995.98999
2019-10-23,7260.700195,3004.52002
2019-10-24,7328.299805,3010.290039
2019-10-25,7324.5,3022.550049
2019-10-28,7331.299805,3039.419922
2019-10-29,7306.299805,3036.889893
2019-10-30,7330.799805,3046.77002
2019-10-31,7248.399902,3037.560059
2019-11-01,7302.399902,3066.909912
2019-11-04,7369.700195,3078.27002
2019-11-05,7388.100098,3074.620117
2019-11-06,7396.700195,3076.780029
2019-11-07,7406.399902,3085.179932
2019-11-08,7359.399902,3093.080078
2019-11-11,7328.5,3087.01001
2019-11-12,7365.399902,3091.840088
2019-11-13,7351.200195,3094.040039
2019-11-14,7292.799805,3096.629883
2019-11-15,7302.899902,3120.459961
2019-11-18,7307.700195,3122.030029
2019-11-19,7323.799805,3120.179932
2019-11-20,7262.5,3108.459961
2019-11-21,7238.600098,3103.540039
2019-11-22,7326.799805,3110.290039
2019-11-25,7396.299805,3133.639893
2019-11-26,7403.100098,3140.52002
2019-11-27,7429.799805,3153.629883
2019-11-29,7346.5,3140.97998
2019-12-02,7285.899902,3113.870117
2019-12-03,7158.799805,3093.199951
2019-12-04,7188.5,3112.76001
2019-12-05,7137.899902,3117.429932
2019-12-06,7239.700195,3145.909912
2019-12-09,7233.899902,3135.959961
2019-12-10,7213.799805,3132.52002
2019-12-11,7216.299805,3141.629883
2019-12-12,7273.5,3168.570068
2019-12-13,7353.399902,3168.800049
2019-12-16,7519.100098,3191.449951
2019-12-17,7525.299805,3192.52002
2019-12-18,7540.799805,3191.139893
2019-12-19,7573.799805,3205.370117
2019-12-20,7582.5,3221.219971
2019-12-23,7623.600098,3224.01001
2019-12-24,7632.200195,3223.379883
2019-12-27,7644.899902,3240.02002
2019-12-30,7587.100098,3221.290039
2019-12-31,7542.399902,3230.780029
2020-01-02,7604.299805,3257.850098
2020-01-03,7622.399902,3234.850098
2020-01-06,7575.299805,3246.280029
2020-01-07,7573.899902,3237.179932
2020-01-08,7574.899902,3253.050049
2020-01-09,7598.100098,3274.699951
2020-01-10,7587.899902,3265.350098
2020-01-13,7617.600098,3288.129883
2020-01-14,7622.399902,3283.149902
2020-01-15,7642.799805,3289.290039
2020-01-16,7609.799805,3316.810059
2020-01-17,7674.600098,3329.620117
2020-01-21,7610.700195,3320.790039
2020-01-22,7571.899902,3321.75
2020-01-23,7507.700195,3325.540039
2020-01-24,7586,3295.469971
2020-01-27,7412.100098,3243.629883
2020-01-28,7480.700195,3276.23999
2020-01-29,7483.600098,3273.399902
2020-01-30,7382,3283.659912
2020-01-31,7286,3225.52002
2020-02-03,7326.299805,3248.919922
2020-02-04,7439.799805,3297.590088
2020-02-05,7482.5,3334.689941
2020-02-06,7504.799805,3345.780029
2020-02-07,7466.700195,3327.709961
2020-02-10,7446.899902,3352.090088
2020-02-11,7499.399902,3357.75
2020-02-12,7534.399902,3379.449951
2020-02-13,7452,3373.939941
2020-02-14,7409.100098,3380.159912
2020-02-18,7382,3370.290039
2020-02-19,7457,3386.149902
2020-02-20,7436.600098,3373.22998
2020-02-21,7403.899902,3337.75
2020-02-24,7156.799805,3225.889893
2020-02-25,7017.899902,3128.209961
2020-02-26,7042.5,3116.389893
2020-02-27,6796.399902,2978.76001
2020-02-28,6580.600098,2954.219971
2020-03-02,6654.899902,3090.22998
2020-03-03,6718.200195,3003.370117
2020-03-04,6815.600098,3130.120117
2020-03-05,6705.399902,3023.939941
2020-03-06,6462.600098,2972.370117
2020-03-09,5965.799805,2746.560059
2020-03-10,5960.200195,2882.22998
2020-03-11,5876.5,2741.379883
2020-03-12,5237.5,2480.639893
2020-03-13,5366.100098,2711.02002
2020-03-16,5151.100098,2386.129883
2020-03-17,5294.899902,2529.189941
2020-03-18,5080.600098,2398.100098
2020-03-19,5151.600098,2409.389893
2020-03-20,5190.799805,2304.919922
2020-03-23,4993.899902,2237.399902
2020-03-24,5446,2447.330078
2020-03-25,5688.200195,2475.560059
2020-03-26,5815.700195,2630.070068
2020-03-27,5510.299805,2541.469971
2020-03-30,5563.700195,2626.649902
2020-03-31,5672,2584.590088
2020-04-01,5454.600098,2470.5
2020-04-02,5480.200195,2526.899902
2020-04-03,5415.5,2488.649902
2020-04-06,5582.399902,2663.679932
2020-04-07,5704.5,2659.409912
2020-04-08,5677.700195,2749.97998
2020-04-09,5842.700195,2789.820068
2020-04-14,5791.299805,2846.060059
2020-04-15,5597.700195,2783.360107
2020-04-16,5628.399902,2799.550049
2020-04-17,5787,2874.560059
2020-04-20,5812.799805,2823.159912
2020-04-21,5641,2736.560059
2020-04-22,5770.600098,2799.310059
2020-04-23,5826.600098,2797.800049
2020-04-24,5752.200195,2836.73999
2020-04-27,5846.799805,2878.47998
2020-04-28,5958.5,2863.389893
2020-04-29,6115.299805,2939.51001
2020-04-30,5901.200195,2912.429932
2020-05-01,5763.100098,2830.709961
2020-05-04,5753.799805,2842.73999
2020-05-05,5849.399902,2868.439941
2020-05-06,5853.799805,2848.419922
2020-05-07,5936,2881.189941
2020-05-11,5939.700195,2930.189941
2020-05-12,5994.799805,2870.120117
2020-05-13,5904.100098,2820
2020-05-14,5741.5,2852.5
2020-05-15,5799.799805,2863.699951
2020-05-18,6048.600098,2953.909912
2020-05-19,6002.200195,2922.939941
2020-05-20,6067.200195,2971.610107
2020-05-21,6015.299805,2948.51001
2020-05-22,5993.299805,2955.449951
2020-05-26,6067.799805,2991.77002
2020-05-27,6144.299805,3036.129883
2020-05-28,6218.799805,3029.72998
2020-05-29,6076.600098,3044.310059
2020-06-01,6166.399902,3055.72998
2020-06-02,6220.100098,3080.820068
2020-06-03,6382.399902,3122.870117
2020-06-04,6341.399902,3112.350098
2020-06-05,6484.299805,3193.929932
2020-06-08,6472.600098,3232.389893
2020-06-09,6335.700195,3207.179932
2020-06-10,6329.100098,3190.139893
2020-06-11,6076.700195,3002.100098
2020-06-12,6105.200195,3041.310059
2020-06-15,6064.700195,3066.590088
2020-06-16,6242.799805,3124.73999
2020-06-17,6253.299805,3113.48999
2020-06-18,6224.100098,3115.340088
2020-06-19,6292.600098,3097.73999
2020-06-22,6244.600098,3117.860107
2020-06-23,6320.100098,3131.290039
2020-06-24,6123.700195,3050.330078
2020-06-25,6147.100098,3083.76001
2020-06-26,6159.299805,3009.050049
2020-06-29,6225.799805,3053.23999
2020-06-30,6169.700195,3100.290039
2020-07-01,6158,3115.860107
2020-07-02,6240.399902,3130.01001
2020-07-06,6285.899902,3179.719971
2020-07-07,6189.899902,3145.320068
2020-07-08,6156.200195,3169.939941
2020-07-09,6049.600098,3152.050049
2020-07-10,6095.399902,3185.040039
2020-07-13,6176.200195,3155.219971
2020-07-14,6179.799805,3197.52002
2020-07-15,6292.700195,3226.560059
2020-07-16,6250.700195,3215.570068
2020-07-17,6290.299805,3224.72998
2020-07-20,6261.5,3251.840088
2020-07-21,6269.700195,3257.300049
2020-07-22,6207.100098,3276.02002
2020-07-23,6211.399902,3235.659912
2020-07-24,6123.799805,3215.629883
2020-07-27,6104.899902,3239.409912
2020-07-28,6129.299805,3218.439941
2020-07-29,6131.5,3258.439941
2020-07-30,5990,3246.219971
2020-07-31,5897.799805,3271.120117
2020-08-03,6032.899902,3294.610107
2020-08-04,6036,3306.51001
2020-08-05,6104.700195,3327.77002
2020-08-06,6026.899902,3349.159912
2020-08-07,6032.200195,3351.280029
2020-08-10,6050.600098,3360.469971
2020-08-11,6154.299805,3333.689941
2020-08-12,6280.100098,3380.350098
2020-08-13,6185.600098,3373.429932
2020-08-14,6090,3372.850098
2020-08-17,6127.399902,3381.98999
2020-08-18,6076.600098,3389.780029
2020-08-19,6112,3374.850098
2020-08-20,6013.299805,3385.51001
2020-08-21,6001.899902,3397.159912
2020-08-24,6104.700195,3431.280029
2020-08-25,6037,3443.620117
2020-08-26,6045.600098,3478.72998
2020-08-27,6000,3484.550049
2020-08-28,5963.600098,3508.01001
2020-09-01,5862.100098,3526.649902
2020-09-02,5941,3580.840088
2020-09-03,5850.899902,3455.060059
2020-09-04,5799.100098,3426.959961
2020-09-08,5930.299805,3331.840088
2020-09-09,6012.799805,3398.959961
2020-09-10,6003.299805,3339.189941
2020-09-11,6032.100098,3340.969971
2020-09-14,6026.299805,3383.540039
2020-09-15,6105.5,3401.199951
2020-09-16,6078.5,3385.48999
2020-09-17,6049.899902,3357.01001
2020-09-18,6007.100098,3319.469971
2020-09-21,5804.299805,3281.060059
2020-09-22,5829.5,3315.570068
2020-09-23,5899.299805,3236.919922
2020-09-24,5822.799805,3246.590088
2020-09-25,5842.700195,3298.459961
2020-09-28,5927.899902,3351.600098
2020-09-29,5897.5,3335.469971
2020-09-30,5866.100098,3363
2020-10-01,5879.5,3380.800049
2020-10-02,5902.100098,3348.419922
2020-10-05,5942.899902,3408.600098
2020-10-06,5949.899902,3360.969971
2020-10-07,5946.299805,3419.439941
2020-10-08,5978,3446.830078
2020-10-09,6016.700195,3477.139893
2020-10-12,6001.399902,3534.219971
2020-10-13,5969.700195,3511.929932
2020-10-14,5935.100098,3488.669922
2020-10-15,5832.5,3483.340088
2020-10-16,5919.600098,3483.810059
2020-10-19,5884.700195,3426.919922
2020-10-20,5889.200195,3443.120117
2020-10-21,5776.5,3435.560059
2020-10-22,5785.700195,3453.48999
2020-10-23,5860.299805,3465.389893
2020-10-26,5792,3400.969971
2020-10-27,5729,3390.679932
2020-10-28,5582.799805,3271.030029
2020-10-29,5581.799805,3310.110107
2020-10-30,5577.299805,3269.959961
2020-11-02,5655,3310.23999
2020-11-03,5786.799805,3369.159912
2020-11-04,5883.299805,3443.439941
2020-11-05,5906.200195,3510.449951
2020-11-06,5910,3509.439941
2020-11-09,6186.299805,3550.5
2020-11-10,6296.899902,3545.530029
2020-11-11,6382.100098,3572.659912
2020-11-12,6338.899902,3537.01001
2020-11-13,6316.399902,3585.149902
2020-11-16,6421.299805,3626.909912
2020-11-17,6365.299805,3609.530029
2020-11-18,6385.200195,3567.790039
2020-11-19,6334.399902,3581.870117
2020-11-20,6351.5,3557.540039
2020-11-23,6333.799805,3577.590088
2020-11-24,6432.200195,3635.409912
2020-11-25,6391.100098,3629.649902
2020-11-27,6367.600098,3638.350098
2020-11-30,6266.200195,3621.629883
2020-12-01,6384.700195,3662.449951
2020-12-02,6463.399902,3669.01001
2020-12-03,6490.299805,3666.719971
2020-12-04,6550.200195,3699.120117
2020-12-07,6555.399902,3691.959961
2020-12-08,6558.799805,3702.25
2020-12-09,6564.299805,3672.820068
2020-12-10,6599.799805,3668.100098
2020-12-11,6546.799805,3663.459961
2020-12-14,6531.799805,3647.48999
2020-12-15,6513.299805,3694.620117
2020-12-16,6570.899902,3701.169922
2020-12-17,6551.100098,3722.47998
2020-12-18,6529.200195,3709.409912
2020-12-21,6416.299805,3694.919922
2020-12-23,6495.799805,3690.01001
2020-12-24,6502.100098,3703.060059
2020-12-29,6602.700195,3727.040039
2020-12-30,6555.799805,3732.040039
2020-12-31,6460.5,3756.070068
2021-01-04,6571.899902,3700.649902
2021-01-05,6612.299805,3726.860107
2021-01-06,6841.899902,3748.139893
2021-01-07,6857,3803.790039
2021-01-08,6873.299805,3824.679932
2021-01-11,6798.5,3799.610107
2021-01-12,6754.100098,3801.189941
2021-01-13,6745.5,3809.840088
2021-01-14,6802,3795.540039
2021-01-15,6735.700195,3768.25
2021-01-19,6713,3798.909912
2021-01-20,6740.399902,3851.850098
2021-01-21,6715.399902,3853.070068
2021-01-22,6695.100098,3841.469971
2021-01-25,6638.899902,3855.360107
2021-01-26,6654,3849.620117
2021-01-27,6567.399902,3750.77002
2021-01-28,6526.200195,3787.379883
2021-01-29,6407.5,3714.23999
2021-02-01,6466.399902,3773.860107
2021-02-02,6516.700195,3826.310059
2021-02-03,6507.799805,3830.169922
2021-02-04,6503.700195,3871.73999
2021-02-05,6489.299805,3886.830078
2021-02-08,6523.5,3915.590088
2021-02-09,6531.600098,3911.22998
2021-02-10,6524.399902,3909.879883
2021-02-11,6528.700195,3916.379883
2021-02-12,6589.799805,3934.830078
2021-02-16,6748.899902,3932.590088
2021-02-17,6710.899902,3931.330078
2021-02-18,6617.200195,3913.969971
2021-02-19,6624,3906.709961
2021-02-22,6612.200195,3876.5
2021-02-23,6625.899902,3881.370117
2021-02-24,6659,3925.429932
2021-02-25,6652,3829.340088
2021-02-26,6483.399902,3811.149902
2021-03-01,6588.5,3901.820068
2021-03-02,6613.799805,3870.290039
2021-03-03,6675.5,3819.719971
2021-03-04,6650.899902,3768.469971
2021-03-05,6630.5,3841.939941
2021-03-08,6719.100098,3821.350098
2021-03-09,6730.299805,3875.439941
2021-03-10,6725.600098,3898.810059
2021-03-11,6737,3939.340088
2021-03-12,6761.5,3943.340088
2021-03-15,6749.700195,3968.939941
2021-03-16,6803.600098,3962.709961
2021-03-17,6762.700195,3974.120117
2021-03-18,6779.700195,3915.459961
2021-03-19,6708.700195,3913.100098
2021-03-22,6726.100098,3940.590088
2021-03-23,6699.200195,3910.52002
2021-03-24,6712.899902,3889.139893
2021-03-25,6674.799805,3909.52002
2021-03-26,6740.600098,3974.540039
2021-03-29,6736.200195,3971.090088
2021-03-30,6772.100098,3958.550049
2021-03-31,6713.600098,3972.889893
2021-04-01,6737.299805,4019.870117
2021-04-06,6823.600098,4073.939941
2021-04-07,6885.299805,4079.949951
2021-04-08,6942.200195,4097.169922
2021-04-09,6915.799805,4128.799805
2021-04-12,6889.100098,4127.990234
2021-04-13,6890.5,4141.589844
2021-04-14,6939.600098,4124.660156
2021-04-15,6983.5,4170.419922
2021-04-16,7019.5,4185.470215
2021-04-19,7000.100098,4163.259766
2021-04-20,6859.899902,4134.939941
2021-04-21,6895.299805,4173.419922
2021-04-22,6938.200195,4134.97998
2021-04-23,6938.600098,4180.169922
2021-04-26,6963.100098,4187.620117
2021-04-27,6945,4186.720215
2021-04-28,6963.700195,4183.180176
2021-04-29,6961.5,4211.470215
2021-04-30,6969.799805,4181.169922
2021-05-04,6923.200195,4164.660156
2021-05-05,7039.299805,4167.589844
2021-05-06,7076.200195,4201.620117
2021-05-07,7129.700195,4232.600098
2021-05-10,7123.700195,4188.430176
2021-05-11,6948,4152.100098
2021-05-12,7004.600098,4063.040039
2021-05-13,6963.299805,4112.5
2021-05-14,7043.600098,4173.850098
2021-05-17,7032.899902,4163.290039
2021-05-18,7034.200195,4127.830078
2021-05-19,6950.200195,4115.680176
2021-05-20,7019.799805,4159.120117
2021-05-21,7018.100098,4155.859863
2021-05-24,7051.600098,4197.049805
2021-05-25,7029.799805,4188.129883
2021-05-26,7026.899902,4195.990234
2021-05-27,7019.700195,4200.879883
2021-05-28,7022.600098,4204.109863
2021-06-01,7080.5,4202.040039
2021-06-02,7108,4208.120117
2021-06-03,7064.399902,4192.850098
2021-06-04,7069,4229.890137
2021-06-07,7077.200195,4226.52002
2021-06-08,7095.100098,4227.259766
2021-06-09,7081,4219.549805
2021-06-10,7088.200195,4239.180176
2021-06-11,7134.100098,4247.439941
2021-06-14,7146.700195,4255.149902
2021-06-15,7172.5,4246.589844
2021-06-16,7185,4223.700195
2021-06-17,7153.399902,4221.859863
2021-06-18,7017.5,4166.450195
2021-06-21,7062.299805,4224.790039
2021-06-22,7090,4246.439941
2021-06-23,7074.100098,4241.839844
2021-06-24,7110,4266.490234
2021-06-25,7136.100098,4280.700195
2021-06-28,7073,4290.609863
2021-06-29,7087.600098,4291.799805
2021-06-30,7037.5,4297.5
2021-07-01,7125.200195,4319.939941
2021-07-02,7123.299805,4352.339844
2021-07-06,7100.899902,4343.540039
2021-07-07,7151,4358.129883
2021-07-08,7030.700195,4320.819824
2021-07-09,7121.899902,4369.549805
2021-07-12,7125.399902,4384.629883
2021-07-13,7124.700195,4369.209961
2021-07-14,7091.200195,4374.299805
2021-07-15,7012,4360.029785
2021-07-16,7008.100098,4327.160156
2021-07-19,6844.399902,4258.490234
2021-07-20,6881.100098,4323.060059
2021-07-21,6998.299805,4358.689941
2021-07-22,6968.299805,4367.47998
2021-07-23,7027.600098,4411.790039
2021-07-26,7025.399902,4422.299805
2021-07-27,6996.100098,4401.459961
2021-07-28,7016.600098,4400.640137
2021-07-29,7078.399902,4419.149902
2021-07-30,7032.299805,4395.259766
2021-08-02,7081.700195,4387.160156
2021-08-03,7105.700195,4423.149902
2021-08-04,7123.899902,4402.660156
2021-08-05,7120.399902,4429.100098
2021-08-06,7123,4436.52002
2021-08-09,7132.299805,4432.350098
2021-08-10,7161,4436.75
2021-08-11,7220.100098,4442.410156
2021-08-12,7193.200195,4460.830078
2021-08-13,7218.700195,4468
2021-08-16,7154,4479.709961
2021-08-17,7181.100098,4448.080078
2021-08-18,7169.299805,4400.27002
2021-08-19,7058.899902,4405.799805
2021-08-20,7087.899902,4441.669922
2021-08-23,7109,4479.529785
2021-08-24,7125.799805,4486.22998
2021-08-25,7150.100098,4496.189941
2021-08-26,7125,4470
2021-08-27,7148,4509.370117
2021-08-31,7119.700195,4522.680176
2021-09-01,7149.799805,4524.089844
2021-09-02,7163.899902,4536.950195
2021-09-03,7138.399902,4535.430176
2021-09-07,7149.399902,4520.029785
2021-09-08,7095.5,4514.069824
2021-09-09,7024.200195,4493.279785
2021-09-10,7029.200195,4458.580078
2021-09-13,7068.399902,4468.72998
2021-09-14,7034.100098,4443.049805
2021-09-15,7016.5,4480.700195
2021-09-16,7027.5,4473.75
2021-09-17,6963.600098,4432.990234
2021-09-20,6903.899902,4357.72998
2021-09-21,6981,4354.189941
2021-09-22,7083.399902,4395.640137
2021-09-23,7078.399902,4448.97998
2021-09-24,7051.5,4455.47998
2021-09-27,7063.399902,4443.109863
2021-09-28,7028.100098,4352.629883
2021-09-29,7108.200195,4359.459961
2021-09-30,7086.399902,4307.540039
2021-10-01,7027.100098,4357.040039
2021-10-04,7011,4300.459961
2021-10-05,7077.100098,4345.720215
2021-10-06,6995.899902,4363.549805
2021-10-07,7078,4399.759766
2021-10-08,7095.600098,4391.339844
2021-10-11,7146.899902,4361.189941
2021-10-12,7130.200195,4350.649902
2021-10-13,7141.799805,4363.799805
2021-10-14,7207.700195,4438.259766
2021-10-15,7234,4471.370117
2021-10-18,7203.799805,4486.459961
2021-10-19,7217.5,4519.629883
2021-10-20,7223.100098,4536.189941
2021-10-21,7190.299805,4549.779785
2021-10-22,7204.600098,4544.899902
2021-10-25,7222.799805,4566.47998
2021-10-26,7277.600098,4574.790039
2021-10-27,7253.299805,4551.680176
2021-10-28,7249.5,4596.419922
2021-10-29,7237.600098,4605.379883
2021-11-01,7288.600098,4613.669922
2021-11-02,7274.799805,4630.649902
2021-11-03,7248.899902,4660.569824
2021-11-04,7279.899902,4680.060059
2021-11-05,7304,4697.529785
2021-11-08,7300.399902,4701.700195
2021-11-09,7274,4685.25
2021-11-10,7340.200195,4646.709961
2021-11-11,7384.200195,4649.27002
2021-11-12,7347.899902,4682.850098
2021-11-15,7351.899902,4682.799805
2021-11-16,7327,4700.899902
2021-11-17,7291.200195,4688.669922
2021-11-18,7256,4704.540039
2021-11-19,7223.600098,4697.959961
2021-11-22,7255.5,4682.939941
2021-11-23,7266.700195,4690.700195
2021-11-24,7286.299805,4701.459961
2021-11-26,7044,4594.620117
2021-11-29,7110,4655.27002
2021-11-30,7059.5,4567
2021-12-01,7168.700195,4513.040039
2021-12-02,7129.200195,4577.100098
2021-12-03,7122.299805,4538.430176
2021-12-06,7232.299805,4591.669922
2021-12-07,7339.899902,4686.75
2021-12-08,7337.399902,4701.209961
2021-12-09,7321.299805,4667.450195
2021-12-10,7291.799805,4712.02002
2021-12-13,7231.399902,4668.970215
2021-12-14,7218.600098,4634.089844
2021-12-15,7170.799805,4709.850098
2021-12-16,7260.600098,4668.669922
2021-12-17,7269.899902,4620.640137
2021-12-20,7198,4568.02002
2021-12-21,7297.399902,4649.22998
2021-12-22,7341.700195,4696.560059
2021-12-23,7373.299805,4725.790039
2021-12-29,7420.700195,4793.060059
2021-12-30,7403,4778.72998
2021-12-31,7384.5,4766.180176
